User_Id,Developer,Year,Conteo
-PRoSlayeR-,KITATUS STUDIOS,2015,1
01189958889189157253,Curve Digital,2016,1
07846813956825,Facepunch Studios,2014,1
09879655452567,Trion Worlds,2016,1
1011001,New World Interactive,2014,1
1122305938,Archive Entertainment,2014,1
119922883377446655123456789,Rockstar Games,2015,1
12345678901234567890123456567890,"Expansive Worlds, Avalanche Studios",2015,1
1234567io9872345678765432,Reloaded Games,2015,1
131312,Deep Silver,2016,1
1321742413,TaleWorlds Entertainment,2016,1
154352,SEGA,2015,1
171516,Coffee Stain Publishing,2014,1
1800-Ricohut,Warner Bros. Interactive Entertainment,2015,1
1801010101,Blue Mammoth Games,2016,1
187625,Elijah Newman-Gomez,2015,1
1956aa1,"Square Enix, Feral interactive (Mac), Feral Interactive (Linux)",2015,1
1R1M1,Warner Bros. Interactive Entertainment,2014,1
1snap,BANDAI NAMCO Entertainment,2014,1
210519992016,"Lucasfilm, LucasArts, Disney Interactive",2015,1
2345254252312312,Valve,2014,1
2547887,"KISS ltd, Funbox Media Ltd",2016,1
2Ta4,Fatshark,2016,1
2spooky,Ubisoft,2016,1
334756875,Telltale Games,2016,1
3546873516354,Rockstar Games,2015,1
3548548564856498484894,Payload Studios,2015,1
404ok4561687987879847,Valve,2014,1
416940127,My.com,2015,1
420fedora,Bohemia Interactive,2014,1
45236243663663643636,Valve,2016,1
47332585890115903727,Bytebin,2015,1
47332585890115903727,Tribe Studios,2014,1
535346456636,Activision,2014,1
54678907652,Facepunch Studios,2015,1
54678907652,Messhof,2014,1
55432147,Studio Wildcard,2016,1
5678LetMeCyaBootyShake,Reloaded Games,2014,1
64512328,Hi-Rez Studios,2015,2
64723864,Edge of Reality,2014,1
666_pl_Satan_pl_666,505 Games,2016,1
67samjosh,Valve,2015,1
69bmw,Valve,2015,1
74987000,Digital Tribe,2014,1
74987000,Terry Cavanagh,2014,1
750805,Digerati Distribution,2016,1
75791513,Valve,2014,1
76561197963469414,Red Barrels,2014,1
76561197963469414,Ubisoft,2014,1
76561197963759246,Activision,2015,1
76561197966079422,Konami Digital Entertainment,2015,1
76561197966647905,Activision,2014,1
76561197966979423,Deep Silver,2016,1
76561197967609413,Hello Games,2016,1
76561197967708845,Edge of Reality,2014,1
76561197967723333,Bethesda Softworks,2016,1
76561197968887720,Red Hook Studios,2015,1
76561197969314107,Telltale Games,2015,1
76561197970565267,Bohemia Interactive,2015,1
76561197970600478,Hello Games,2016,1
76561197970980141,bitComposer Games,2014,1
76561197971744536,Freejam,2015,1
76561197971860091,Evil Twin Artworks,2014,1
76561197974036386,Warner Bros. Interactive Entertainment,2015,1
76561197974288321,ClickGames,2016,1
76561197974500703,Broken Rules,2011,1
76561197975058559,"Square Enix, Feral Interactive (Mac), Feral Interactive (Linux)",2013,1
76561197976109742,Valve,2014,1
76561197976177356,Capcom,2014,1
76561197976684435,Iceberg Interactive,2015,1
76561197977543317,Ubisoft,2014,1
76561197979046612,CI Games,2016,1
76561197979086508,CI Games,2014,1
76561197980634828,Rockstar Games,2014,1
76561197980811624,Valve,2014,1
76561197981203305,Back To Basics Gaming,2016,1
76561197981203305,Capcom,2013,1
76561197981203305,Colonthree Enterprises,2015,1
76561197981425218,Bohemia Interactive,2016,1
76561197981448997,Ubisoft,2016,1
76561197982685987,Bethesda Softworks,2014,1
76561197982685987,Microsoft Studios,2014,1
76561197983127652,Valve,2015,1
76561197983254661,Hello Games,2016,2
76561197986144369,My.com,2015,1
76561197986717785,Daybreak Game Company,2014,1
76561197987394736,800 North and Digital Ranch,2014,1
76561197987668797,Iceberg Interactive,2014,1
76561197988367411,Rockstar Games,2016,1
76561197988863895,"Monochrome, Inc",2016,1
76561197989723505,Electronic Arts,2014,1
76561197989723505,Studio Wildcard,2015,1
76561197989723505,Warner Bros. Interactive Entertainment,2016,1
76561197989758447,"Oovee® Game Studios, IMGN.PRO",2015,1
76561197989758447,"Trion Worlds, Inc.",2015,1
76561197990117063,SEGA,2013,1
76561197990498142,Wild Games Studio,2014,1
76561197990895276,Activision,2015,1
76561197990895276,Viva Media,2014,1
76561197990972548,"Atari, RCTO Productions",2016,1
76561197991249235,Valve,2015,1
76561197991787618,Valve,2015,1
76561197991856503,Ubisoft,2013,1
76561197992227006,Edge of Reality,2014,1
76561197992227006,Freejam,2015,1
76561197992681922,Ubisoft,2016,1
76561197993114886,Warner Bros. Interactive Entertainment,2015,1
76561197993683483,Egosoft,2014,1
76561197993725260,Paradox Interactive,2014,1
76561197994573217,Nexon Europe GmbH,2015,1
76561197994830976,Anothink,2015,1
76561197994830976,KISS ltd,2015,1
76561197995087932,Studio Wildcard,2016,1
76561197996328974,Warner Bros. Interactive Entertainment,2015,1
76561197996571086,Bohemia Interactive,2015,1
76561197996744185,Benjamin Rivers Inc.,2015,1
76561197997238293,Massive Entertainment,2016,1
76561197998355213,Bohemia Interactive,2014,1
76561197998655584,Valve,2014,1
76561197999260941,Ubisoft,2016,1
76561197999426881,KISS ltd,2014,1
76561197999483873,Anarchy Enterprises,2015,1
76561197999483873,Tribute Games Inc.,2014,1
76561197999483873,momoStorm Entertainment,2015,1
76561198000694266,Bethesda Softworks,2016,1
76561198001630399,Deep Silver,2014,1
76561198001658920,Ubisoft,2014,1
76561198001688490,FireFly Studios,2014,1
76561198001688490,Perfect World Entertainment,2014,1
76561198001917486,Egosoft,2014,1
76561198002527794,2K,2015,1
76561198003607025,Square Enix,2014,1
76561198003811382,Warner Bros. Interactive Entertainment,2015,1
76561198003900936,Forever Entertainment S. A.,2014,1
76561198004011791,SEGA,2013,1
76561198004239988,Bethesda Softworks,2015,1
76561198005263965,Ubisoft,2014,1
76561198006158702,Akella,2015,1
76561198006491086,Paradox Interactive,2014,1
76561198006491086,Reverie World Studios,2014,1
76561198006896411,Facepunch Studios,2014,1
76561198006896411,Paradox Interactive,2015,1
76561198006896411,Square Enix,2016,1
76561198006896411,Valve,2015,1
76561198007041072,Hello Games,2016,1
76561198007165405,Focus Home Interactive,2014,1
76561198007165405,"Harebrained Schemes, Bandai Namco",2016,1
76561198007309128,Activision,2012,1
76561198007342405,Valve,2016,1
76561198007539695,Digital Dragon,2014,1
76561198008068264,Tripwire Interactive,2016,1
76561198008111776,"2K Games, Aspyr (Mac, Linux)",2015,1
76561198008302763,Konami Digital Entertainment,2015,1
76561198010391123,Bohemia Interactive,2015,1
76561198010436866,"2K Games, Feral Interactive (Mac), Feral Interactive (Linux)",2016,1
76561198010436866,Bethesda Softworks,2015,1
76561198010698336,Focus Home Interactive,2014,1
76561198010698336,Subset Games,2014,1
76561198010698336,Tripwire Interactive,2015,1
76561198011303077,2K,2016,1
76561198011303077,Telltale Games,2015,1
76561198011303167,Bohemia Interactive,2016,1
76561198011714432,"Trek Industries, Inc",2014,1
76561198012064862,Bitbox Ltd.,2014,1
76561198013149300,Strategy First,2015,1
76561198013564709,Hello Games,2016,1
76561198013785384,Valve,2014,1
76561198014215298,Egosoft,2014,1
76561198014421677,"1C Company, 1C-SoftClub",2016,2
76561198014530333,Bohemia Interactive,2015,1
76561198015083155,Hello Games,2016,1
76561198015179413,Studio Wildcard,2015,1
76561198015411069,"38 Studios, Electronic Arts",2014,1
76561198015461883,Red Barrels,2014,1
76561198015930046,Activision,2016,1
76561198015930046,Ubisoft,2015,1
76561198015981146,U.S. Army,2015,1
76561198016067437,Bohemia Interactive,2015,1
76561198016602703,Freejam,2016,1
76561198016635228,Tripwire Interactive,2014,1
76561198017176943,Stardock Entertainment,2014,1
76561198017536688,Ubisoft,2014,1
76561198017957749,Smartly Dressed Games,2015,1
76561198018059901,Studio Wildcard,2015,1
76561198018253205,The Behemoth,2014,1
76561198018408561,Ubisoft,2013,1
76561198018589800,KISS ltd,2015,1
76561198018739984,2K,2015,1
76561198018912053,"Square Enix, Feral Interactive (Mac)",2016,1
76561198018912053,"Square Enix, Feral interactive (Mac), Feral Interactive (Linux)",2015,1
76561198019210728,Edge of Reality,2014,1
76561198019210728,"Trek Industries, Inc",2014,1
76561198019448208,Vortal Storm,2015,1
76561198019548281,SNK CORPORATION,2014,1
76561198019669521,2K Play,2015,1
76561198019917406,Spiral Game Studios,2016,1
76561198019938571,"Standing Stone Games, LLC",2016,1
76561198019938571,THQ Nordic,2015,1
76561198019970090,"Codemasters, Feral Interactive (Linux)",2015,1
76561198019970090,United Independent Entertainment GmbH,2014,1
76561198021700114,Bohemia Interactive,2015,1
76561198023381153,Deep Silver,2015,1
76561198023508728,"2K Games, Feral Interactive (Mac)",2014,1
76561198023508728,Smartly Dressed Games,2014,1
76561198023508728,Square Enix,2014,1
76561198023508728,Ubisoft,2014,1
76561198023524407,Atari,2013,1
76561198023738675,Paradox Interactive,2014,1
76561198023971448,Iceberg Interactive,2014,1
76561198023971448,Smartly Dressed Games,2015,1
76561198024028497,Rebellion,2014,1
76561198024310116,Daybreak Game Company,2015,1
76561198024310116,Strategy First,2014,1
76561198024434796,My.com,2014,1
76561198024484835,Hardsuit Labs,2015,1
76561198024826675,Activision,2014,1
76561198024826675,BANDAI NAMCO Entertainment,2015,1
76561198024826675,CI Games,2014,1
76561198025503374,Bethesda Softworks,2015,1
76561198025503374,Tripwire Interactive,2015,1
76561198026256686,Strategy First,2013,1
76561198026498963,Reto-Moto,2016,1
76561198026921632,Plug In Digital,2014,1
76561198027084051,Ubisoft,2016,1
76561198027260537,Scott Cawthon,2015,1
76561198027260537,Zombie Panic Team,2015,1
76561198027522403,SEGA,2014,1
76561198027522403,Tripwire Interactive,2015,1
76561198027533076,Square Enix,2015,1
76561198027553251,Activision,2014,1
76561198027555735,Digital Extremes,2015,1
76561198027555735,Double Action Factory,2015,1
76561198027925839,Focus Home Interactive,2016,1
76561198028357316,Bohemia Interactive,2015,1
76561198028363291,Re-Logic,2016,1
76561198028390064,"FromSoftware, Inc., BANDAI NAMCO Entertainment",2016,1
76561198028617374,Digital Dawn Studios,2016,1
76561198028640914,Buka Entertainment,2014,1
76561198028727445,"2K Games, Feral Interactive (Mac), Feral Interactive (Linux)",2015,1
76561198028982486,Gaijin Games,2014,1
76561198029069901,"1C Company, 1C-SoftClub",2011,1
76561198029069901,Valve,2014,1
76561198029589709,Activision,2016,1
76561198029595883,Ubisoft,2014,1
76561198030021498,Rockstar Games,2015,1
76561198030777156,"Full Control, THQ Nordic",2015,1
76561198031043766,Rockstar Games,2015,1
76561198031208554,WARTEAM,2015,1
76561198031532032,BANDAI NAMCO Entertainment,2014,1
76561198031754045,Bohemia Interactive,2016,1
76561198031799936,Sluggerfly,2016,1
76561198031967258,Torn Banner Studios,2014,1
76561198032691504,Funcom,2015,1
76561198033429149,Trion Worlds,2015,1
76561198033883963,BANDAI NAMCO Entertainment,2014,1
76561198033884763,Code}{atch,2015,1
76561198034028284,Rockstar Games,2016,1
76561198034070122,Activision,2015,1
76561198034081735,Double Fine Presents,2015,1
76561198034277356,"FIX Games, Co. LTD",2013,1
76561198034277356,Valve,2012,1
76561198034310657,Activision,2016,1
76561198034776912,Focus Home Interactive,2015,1
76561198034779239,Microsoft Studios,2014,1
76561198034898515,Smartly Dressed Games,2014,1
76561198035313379,Smartly Dressed Games,2014,1
76561198035344392,Hello Games,2016,1
76561198035351736,Valve,2016,1
76561198035704817,Robot Entertainment,2015,1
76561198035790591,Activision,2015,1
76561198036352207,Paradox Interactive,2015,1
76561198037337200,Edge of Reality,2014,1
76561198037662316,Ubisoft,2016,1
76561198037933737,Ubisoft,2014,1
76561198037980630,"Nicalis, Inc.",2014,1
76561198038567931,Bohemia Interactive,2014,1
76561198038567931,Kalypso Media Digital,2014,1
76561198038567931,Lever Games,2014,1
76561198038935216,"2K, Aspyr (Mac and Linux)",2014,1
76561198039283395,Bohemia Interactive,2014,1
76561198039441595,Muse Games,2014,1
76561198039441595,Scott Cawthon,2015,1
76561198039441595,Valve,2014,1
76561198039469366,BANDAI NAMCO Entertainment,2015,1
76561198039506014,Square Enix,2015,1
76561198039741155,Ubisoft,2016,1
76561198039748303,FireFly Studios,2014,1
76561198039832932,MovingBlocks,2015,1
76561198039917761,Ubisoft,2014,1
76561198040183690,Moment Studio,2015,1
76561198040188061,Andrii Vintsevych,2013,1
76561198040188061,Tripwire Interactive,2013,1
76561198040311085,Gaijin Games,2014,1
76561198040423315,Bethesda Softworks,2016,1
76561198040611679,Smartly Dressed Games,2014,1
76561198040660567,Digital Extremes,2016,1
76561198040697106,Valve,2014,1
76561198040726300,"Activision, Aspyr (Mac)",2013,1
76561198040946765,Electronic Arts,2014,1
76561198040994679,Bohemia Interactive,2014,1
76561198041199233,Ubisoft,2014,1
76561198041201937,Red Level Games,2016,1
76561198041317838,Bitbox Ltd.,2016,1
76561198041579842,Scott Cawthon,2016,1
76561198041589240,Freejam,2014,1
76561198041679528,Virtual Basement LLC,2015,1
76561198041681725,Freejam,2016,1
76561198041681725,Introversion Software,2016,1
76561198041778707,"FIX Games, Co. LTD",2015,1
76561198041780071,Nexon Europe GmbH,2015,1
76561198041845214,"Topware Interactive, ACE",2014,1
76561198041889877,Ubisoft,2014,1
76561198041992179,Chucklefish,2015,1
76561198041992677,Reverb Publishing,2014,1
76561198041992677,Ronimo Games,2014,1
76561198042063898,Scott Cawthon,2015,1
76561198042121023,Coffee Stain Publishing,2015,1
76561198042163355,"Codemasters, Feral Interactive (Mac)",2014,1
76561198042170355,Hello Games,2016,1
76561198042346933,Focus Home Interactive,2014,1
76561198042492496,Focus Home Interactive,2014,1
76561198042612057,Frozenbyte,2015,1
76561198042612057,Microsoft Studios,2015,1
76561198042675136,Facepunch Studios,2014,1
76561198042690669,Freejam,2015,1
76561198042691525,Headup Games,2014,1
76561198042756236,Ubisoft,2014,1
76561198042951100,Hello Games,2016,1
76561198043070022,tobyfox,2015,1
76561198043339975,Facepunch Studios,2016,1
76561198043401883,"KISS ltd, Funbox Media Ltd",2015,1
76561198043413238,Bohemia Interactive,2014,1
76561198043454585,Warchest Ltd.,2015,1
76561198043712583,Capcom,2015,1
76561198043880297,Valve,2013,1
76561198044027872,Beam Team Pty Ltd,2015,1
76561198044027872,Jagex,2015,1
76561198044036045,Hello Games,2016,1
76561198044042065,Ronimo Games,2015,1
76561198044120483,Nival,2014,1
76561198044127701,Cosmic Cow LLC,2014,1
76561198044169764,Hoobalugalar_X,2015,1
76561198044298623,Xaviant Games,2015,1
76561198044635603,Warner Bros. Interactive Entertainment,2015,1
76561198044713685,Valve,2015,1
76561198044752424,CyberCoconut,2015,1
76561198044885418,Facepunch Studios,2015,1
76561198045011358,82 Apps,2016,1
76561198045145306,Activision,2015,1
76561198045145306,Daybreak Game Company,2015,1
76561198045283919,Paradox Interactive,2016,1
76561198045431856,Valve,2015,1
76561198045459907,"Expansive Worlds, Avalanche Studios",2014,1
76561198045459907,Lever Games,2014,1
76561198045470177,Uber Entertainment,2015,1
76561198045524996,Paradox Interactive,2016,1
76561198045771425,Bohemia Interactive,2016,1
76561198045884541,Capcom,2016,1
76561198046109277,Jimbob Games,2016,1
76561198046168702,Jagex,2016,1
76561198046366581,"Psyonix, Inc.",2016,1
76561198046412025,Edge Case Games Ltd.,2016,1
76561198046412025,Valve,2014,1
76561198046431850,"Activision, Aspyr (Mac)",2014,1
76561198046582634,DnS Development,2015,1
76561198046713163,Aslan Game Studio,2015,1
76561198046730416,Deca Games,2015,1
76561198046740784,Bohemia Interactive,2015,1
76561198046740784,Reloaded Games,2015,1
76561198046740784,Team Psykskallar,2014,1
76561198046859385,Reloaded Games,2015,1
76561198046868249,Square Enix,2016,1
76561198046970654,Bohemia Interactive,2014,1
76561198047208774,G2CREW,2016,2
76561198047247007,"FIX Games, Co. LTD",2014,1
76561198047273546,astragon Software GmbH,2014,1
76561198047513395,Warner Bros. Interactive Entertainment,2015,1
76561198047693395,"KOEI TECMO GAMES CO., LTD.",2014,1
76561198047693395,Offworld Industries,2016,1
76561198047694111,Ubisoft,2015,1
76561198047704110,Paradox Interactive,2015,1
76561198047704110,Valve,2014,1
76561198047986243,Zaxis Games,2014,1
76561198048026368,Valve,2014,1
76561198048191382,Poppermost Productions,2015,1
76561198048348337,Valve,2015,1
76561198048350991,U.S. Army,2015,1
76561198048365774,Valve,2016,1
76561198048376894,Bohemia Interactive,2016,1
76561198048432706,Deep Silver,2014,1
76561198048827467,Fullbright,2015,1
76561198049614185,Square Enix,2014,1
76561198049927042,"Midnight City, Majesco Entertainment",2014,1
76561198050236419,JForce Games,2015,1
76561198050243921,Kyle Seeley,2015,1
76561198050271217,Activision,2015,1
76561198050271217,Bethesda Softworks,2014,1
76561198050300819,Bethesda Softworks,2015,1
76561198050452751,Studio Wildcard,2016,1
76561198050506383,Tripwire Interactive,2015,1
76561198050540147,Daniel Davies,2015,1
76561198050667465,Freejam,2015,1
76561198050667465,Gaijin Entertainment,2015,1
76561198050757560,Eforb,2015,1
76561198050768829,Valve,2015,1
76561198050816127,Facepunch Studios,2015,1
76561198051092954,Studio Wildcard,2016,1
76561198051428232,"FIX Games, Co. LTD",2014,1
76561198051567275,Freejam,2014,1
76561198051772381,2K,2016,1
76561198052054864,AZAMATIKA,2016,1
76561198052054864,Grunge Games LTD,2016,1
76561198052118118,Forever Entertainment S. A.,2013,1
76561198052118118,Telltale Games,2014,1
76561198052180481,"Blackmill Games, M2H",2016,1
76561198052266063,Coffee Stain Publishing,2016,1
76561198052378807,Reto-Moto,2015,1
76561198052513392,"FromSoftware, Inc., BANDAI NAMCO Entertainment",2016,1
76561198052513392,"IMCGAMES Co.,Ltd.",2016,1
76561198052516588,"Activision, Aspyr (Mac)",2015,1
76561198052612696,Freejam,2016,1
76561198052676218,Valve,2015,1
76561198052789736,Valve,2015,1
76561198052804938,Electronic Arts,2014,1
76561198052998873,Geoff Keighley,2014,1
76561198053081936,"KOEI TECMO GAMES CO., LTD.",2015,1
76561198053145578,Ubisoft,2015,1
76561198053674558,Ronimo Games,2016,1
76561198053791920,Warner Bros. Interactive Entertainment,2016,1
76561198053799839,Valve,2016,1
76561198053916134,Valve,2014,1
76561198054072662,Ubisoft,2014,1
76561198054332392,Hyper Hippo Games,2016,1
76561198054416836,FireFly Studios,2016,1
76561198054421576,Hello Games,2016,1
76561198054462836,Activision,2014,1
76561198054743531,Ubisoft,2015,1
76561198055262214,Re-Logic,2014,1
76561198055604266,THQ Nordic,2014,1
76561198055656673,Hardsuit Labs,2015,1
76561198055767971,"Nether Productions, LLC",2015,1
76561198055773402,Mystic Games,2015,1
76561198055819674,Ubisoft,2014,1
76561198055887918,Facepunch Studios,2015,1
76561198055894293,"SEGA, Feral Interactive (Mac)",2014,1
76561198056241117,NEOTOKYO [MOD],2014,1
76561198056260701,Ubisoft,2014,1
76561198056300439,Valve,2015,1
76561198056354988,Bohemia Interactive,2015,1
76561198056369995,Deep Silver,2014,1
76561198056392712,Strategy First,2014,1
76561198056401881,Smartly Dressed Games,2016,1
76561198056573461,New World Interactive,2016,1
76561198056592176,"WB Games, Feral Interactive (Mac)",2014,1
76561198056735890,Deca Games,2014,1
76561198056863768,Smartly Dressed Games,2016,1
76561198056954500,KISS ltd,2014,1
76561198056954500,My.com,2014,1
76561198057076744,Hello Games,2016,1
76561198057111829,Telltale Games,2015,1
76561198057234651,Studio Wildcard,2015,1
76561198057253097,Valve,2015,1
76561198057355556,CCP,2014,1
76561198057368846,Electronic Arts,2014,1
76561198057707533,Hello Games,2016,1
76561198057781627,Flying Helmet Games,2016,1
76561198057814273,Valve,2015,1
76561198057919602,BANDAI NAMCO Entertainment,2014,1
76561198058405866,Daybreak Game Company,2016,1
76561198058456895,Terry Cavanagh,2013,1
76561198058473246,"Expansive Worlds, Avalanche Studios",2014,1
76561198058495935,Hello Games,2016,1
76561198058535518,Activision,2014,1
76561198058562728,Hello Games,2016,1
76561198058842042,Freejam,2016,1
76561198058864606,Smartly Dressed Games,2016,1
76561198058948596,Valve,2015,1
76561198059020961,Ubisoft,2016,1
76561198059301330,Edge of Reality,2015,1
76561198059366714,Deca Games,2015,1
76561198059579366,SCS Software,2015,1
76561198059584945,Valve,2015,1
76561198059622971,Valve,2014,1
76561198059755685,Valve,2015,1
76561198059808061,Valve,2016,1
76561198059927915,Facepunch Studios,2015,1
76561198060027840,"Monochrome, Inc",2015,1
76561198060177221,"2K Games, Aspyr (Mac)",2016,1
76561198060207360,"Atari, Cubed Productions LLC",2015,1
76561198060207360,"FIX Games, Co. LTD",2015,1
76561198060407498,Activision,2016,1
76561198060473341,Activision,2015,1
76561198060521929,Square Enix,2015,1
76561198060550550,Studio Wildcard,2015,1
76561198060557951,Facepunch Studios,2016,1
76561198060557951,Hi-Rez Studios,2014,1
76561198060557951,Reto-Moto,2014,1
76561198060767321,Activision,2016,1
76561198060811426,Rockstar Games,2015,1
76561198060933768,Valve,2015,1
76561198061039259,CI Games,2013,1
76561198061039342,Zero Rock Entertainment,2014,1
76561198061187428,Facepunch Studios,2015,1
76561198061187428,Smartly Dressed Games,2014,1
76561198061297794,Valve,2015,1
76561198061354183,Valve,2015,1
76561198061748090,Facepunch Studios,2015,1
76561198061752173,Ubisoft,2015,1
76561198061759775,"FIX Games, Co. LTD",2016,1
76561198061820192,"Blackmill Games, M2H",2013,1
76561198061857771,Facepunch Studios,2014,1
76561198062048153,Activision,2015,1
76561198062068809,Square Enix,2014,1
76561198062147736,CI Games,2014,1
76561198062276935,Bohemia Interactive,2015,1
76561198062385314,"2K Games, Aspyr (Mac)",2014,1
76561198062385314,Warner Bros. Interactive Entertainment,2015,1
76561198062417966,Codebrush Games,2016,1
76561198062544523,Holotech Studios,2015,1
76561198062711426,Entrada Interactive LLC,2016,1
76561198062718030,Circle Five Studios,2015,1
76561198063004695,Bohemia Interactive,2014,1
76561198063128416,Paradox Interactive,2016,1
76561198063289205,Meridian4,2014,1
76561198063391282,Bossa Studios,2014,1
76561198063607424,"Monochrome, Inc",2015,1
76561198063648921,Capcom,2016,2
76561198063916425,2K,2016,1
76561198063988983,Hardsuit Labs,2016,1
76561198064426231,Ronimo Games,2014,1
76561198064427658,Activision,2015,1
76561198064427658,"Psyonix, Inc.",2016,1
76561198064427658,"Ubisoft, Feral Interactive (Mac)",2015,1
76561198064534559,Valve,2014,1
76561198064609857,My.com,2014,1
76561198064667147,Activision,2015,1
76561198064985698,Crowbar Collective,2015,1
76561198064985698,Square Enix,2015,1
76561198065247694,"Expansive Worlds, Avalanche Studios",2014,1
76561198065265998,Jagex,2015,1
76561198065265998,Nexon America Inc.,2015,1
76561198065281669,Telltale Games,2014,1
76561198065375748,Bethesda Softworks,2016,1
76561198065445229,9heads Game Studios,2014,1
76561198065593074,Smartly Dressed Games,2015,1
76561198065593074,Valve,2016,1
76561198065601268,Activision,2014,1
76561198065601268,Activision,2016,1
76561198065711375,Reloaded Games,2013,1
76561198065776361,Valve,2014,1
76561198065899297,Retronic Games,2015,1
76561198066140787,Valve,2014,1
76561198066254470,"Monochrome, Inc",2015,1
76561198066295384,Valve,2016,1
76561198066363324,"Sector3 Studios, RaceRoom Entertainment AG",2015,1
76561198066371009,Minor Key Games,2014,1
76561198066525274,BANDAI NAMCO Entertainment,2014,1
76561198066541306,Bohemia Interactive,2015,1
76561198066639517,Paradox Interactive,2015,1
76561198066662465,Bethesda Softworks,2016,1
76561198066668960,Bohemia Interactive,2015,1
76561198066776743,Hello Games,2016,1
76561198066784792,Frictional Games,2014,1
76561198066842598,Hello Games,2016,1
76561198066905703,My.com,2014,1
76561198067182014,Bohemia Interactive,2014,1
76561198067194883,Freejam,2014,1
76561198067243010,Coffee Stain Publishing,2015,1
76561198067243010,Valve,2016,1
76561198067315765,Square Enix,2013,1
76561198067425198,Ubisoft,2015,1
76561198067429032,Microsoft Studios,2016,1
76561198067613878,Ubisoft,2014,1
76561198067664442,Tripwire Interactive,2014,1
76561198067771967,"Square Enix, Feral Interactive (Mac)",2015,1
76561198067771967,Tripwire Interactive,2015,1
76561198067786864,Bohemia Interactive,2015,1
76561198067794298,"Expansive Worlds, Avalanche Studios",2016,1
76561198067805986,Facepunch Studios,2016,1
76561198067805986,Hello Games,2016,1
76561198067965171,Endlessfluff Games,2015,1
76561198067973340,Hello Games,2016,1
76561198068036732,SEGA,2015,1
76561198068085433,Re-Logic,2015,1
76561198068130802,Smartly Dressed Games,2015,1
76561198068257050,Facepunch Studios,2013,1
76561198068629778,Paradox Development Studio,2016,1
76561198068637775,BlankMediaGames,2015,1
76561198068653657,"Expansive Worlds, Avalanche Studios",2014,1
76561198068696167,Smartly Dressed Games,2014,1
76561198068718484,United Independent Entertainment GmbH,2014,1
76561198068825441,Facepunch Studios,2014,1
76561198068890475,Changyou.com Limited,2016,1
76561198068939723,Valve,2015,1
76561198069082998,New World Interactive,2015,1
76561198069082998,Valve,2015,1
76561198069279256,Freejam,2016,1
76561198069279256,Hello Games,2016,1
76561198069472808,Gaijin Games,2014,1
76561198069488221,Ubisoft,2015,1
76561198069580458,Bohemia Interactive,2015,1
76561198069617739,Re-Logic,2014,1
76561198069628927,Valve,2016,1
76561198069668522,Valve,2013,1
76561198069668522,Valve,2014,1
76561198069747054,"Expansive Worlds, Avalanche Studios",2014,1
76561198069821673,Studio Wildcard,2016,1
76561198069949345,Telltale Games,2016,1
76561198070077764,Strategy First,2014,1
76561198070156335,Scott Cawthon,2015,1
76561198070188921,Freejam,2014,1
76561198070267001,Reloaded Games,2015,1
76561198070267001,"Rocketeer Games Studio, LLC",2016,1
76561198070585472,Walter Machado,2016,1
76561198070612900,Valve,2015,1
76561198070700359,Lever Games,2015,1
76561198070705780,Warner Bros. Interactive Entertainment,2016,1
76561198070817727,Fullbright,2015,1
76561198070894525,Bohemia Interactive,2015,1
76561198070930126,Rockstar Games,2015,1
76561198070939412,Reto-Moto,2016,1
76561198071111349,Rebellion,2015,1
76561198071158212,Muse Games,2014,1
76561198071238400,Egosoft,2014,1
76561198071429557,Valve,2014,1
76561198071502745,Activision,2014,1
76561198071509926,"2K Games, Aspyr (Mac)",2014,1
76561198071598894,Ubisoft,2016,1
76561198071684592,Focus Home Interactive,2016,1
76561198071689235,Microblast Games,2016,1
76561198071717436,Valve,2015,1
76561198071755562,Cobalt-57,2015,1
76561198071755562,Mastertronic,2015,1
76561198071822951,Warner Bros. Interactive Entertainment,2013,1
76561198071952798,Coffee Stain Publishing,2016,1
76561198072031255,"LucasArts, Aspyr (Mac), Disney Interactive, Lucasfilm",2015,1
76561198072053388,Deep Silver,2015,1
76561198072225497,Deep Silver,2014,1
76561198072225497,My.com,2014,1
76561198072290541,Studio Wildcard,2016,1
76561198072290541,Vae Victis Games,2016,1
76561198072372187,Perfect World Entertainment,2014,1
76561198072402200,Awesome Games Studio,2016,1
76561198072417026,Hello Games,2016,1
76561198072429924,Ubisoft,2013,1
76561198072436582,505 Games,2015,1
76561198072448447,Konami Digital Entertainment,2016,1
76561198072628860,Strategy First,2015,1
76561198072632724,Freejam,2015,1
76561198072729088,Ubisoft,2013,1
76561198072852555,CI Games,2015,1
76561198072896899,Gravity Interactive,2014,1
76561198072896899,Wolfire Games,2014,1
76561198072912995,"2K Games, Aspyr (Mac)",2014,1
76561198072930493,GameUS Inc.,2015,1
76561198072957978,Fistful of Frags Team,2016,1
76561198072983863,Degica,2015,1
76561198073330411,Valve,2016,1
76561198073413380,Noble Empire Corp.,2014,1
76561198073446384,Akella,2016,2
76561198073618741,2K,2015,1
76561198073638107,KOG Games,2014,1
76561198073784601,Entrada Interactive LLC,2016,1
76561198073846178,Beamdog,2016,1
76561198073865203,Activision,2015,1
76561198074231147,Bohemia Interactive,2014,1
76561198074319125,Offworld Industries,2016,1
76561198074323290,Focus Home Interactive,2016,1
76561198074377542,Doctor Entertainment AB,2015,1
76561198074419919,Ubisoft,2016,1
76561198074644990,id Software,2013,1
76561198074656338,Reto-Moto,2015,1
76561198074791637,Microsoft Studios,2014,1
76561198074831889,Ubisoft,2014,1
76561198074935997,Bohemia Interactive,2016,1
76561198074935997,Milestone S.r.l.,2016,1
76561198075141715,Room710Games,2016,1
76561198075227229,Activision,2014,1
76561198075329036,Edge of Reality,2014,1
76561198075455531,Chucklefish,2016,1
76561198075584298,Valve,2014,1
76561198075597491,Reperio Studios,2016,1
76561198075728794,Reto-Moto,2014,1
76561198075900533,Lord Kres,2015,1
76561198075912797,The Behemoth,2015,1
76561198076117785,Fancy Fish Games,2016,1
76561198076127919,Fruitbat Factory,2016,1
76561198076271617,Ragequit Corporation,2014,1
76561198076446752,"2K, Aspyr (Mac, Linux)",2015,1
76561198076548816,Smartly Dressed Games,2016,1
76561198076696353,Torn Banner Studios,2013,1
76561198076708943,505 Games,2015,1
76561198077092391,Atelier 801,2015,1
76561198077111628,Cherry Pop Games,2014,1
76561198077111628,Iceberg Interactive,2016,1
76561198077202338,Freejam,2014,1
76561198077530172,2K,2016,1
76561198077596124,"FIX Games, Co. LTD",2014,1
76561198077596124,Warchest Ltd.,2015,1
76561198077602243,Activision,2014,1
76561198077602243,Activision,2016,1
76561198077733387,Valve,2015,1
76561198077993857,Valve,2016,2
76561198078167501,Nexon America Inc.,2015,1
76561198078317599,Activision,2014,1
76561198078381467,Carbon Games,2014,1
76561198078381467,WOBBL3 Entertainment LLC,2014,1
76561198078799606,2K,2015,1
76561198078883335,Warchest Ltd.,2016,1
76561198078987650,Gamersfirst,2015,1
76561198079024139,"2K Games, Aspyr (Mac)",2014,1
76561198079194020,Facepunch Studios,2016,1
76561198079211507,Evil Tortilla Games,2016,1
76561198079220364,Freejam,2014,1
76561198079293112,"LucasArts, Lucasfilm, Disney Interactive",2015,1
76561198079335081,Gamestorming,2015,1
76561198079405465,En Masse Entertainment,2013,1
76561198079518166,Nexon Europe GmbH,2015,1
76561198079671154,Bohemia Interactive,2015,1
76561198079820066,Coffee Stain Publishing,2015,1
76561198079888597,Jetdogs Studios,2015,1
76561198080103160,Daybreak Game Company,2015,1
76561198080103160,Elecorn,2015,1
76561198080302623,Daybreak Game Company,2014,1
76561198080354888,Warner Bros. Interactive Entertainment,2015,1
76561198080399577,Entheogen Studios LLC,2014,1
76561198080459478,"Firaxis,Feral Interactive (Mac and Linux)",2016,1
76561198080494889,Trion Worlds,2015,1
76561198080526242,Smartly Dressed Games,2014,1
76561198080784853,Unknown Worlds Entertainment,2015,1
76561198080821101,Ubisoft,2015,1
76561198081009511,Torn Banner Studios,2016,1
76561198081009511,"Trion Worlds, Inc.",2016,1
76561198081092125,rondomedia GmbH,2014,1
76561198081155725,Ubisoft,2015,1
76561198081193763,Deca Games,2015,1
76561198081440969,"BANDAI NAMCO Entertainment, FromSoftware, Inc",2015,1
76561198081440969,Deep Silver,2016,1
76561198081498297,Valve,2016,1
76561198081534878,Edge of Reality,2014,1
76561198081534878,FireFly Studios,2014,1
76561198081534878,Nival,2013,1
76561198081599215,Beam Team Pty Ltd,2015,1
76561198081604689,FireFly Studios,2014,2
76561198081683029,Bohemia Interactive,2014,1
76561198081756988,Microsoft Studios,2016,1
76561198081845576,Warchest Ltd.,2015,1
76561198081863483,"Psyonix, Inc.",2016,1
76561198081919992,Edge of Reality,2015,1
76561198081924175,"2K Games, Aspyr (Mac &amp;amp; Linux)",2014,1
76561198082150235,Activision,2015,1
76561198082252530,Electronic Arts,2014,1
76561198082278443,Smartly Dressed Games,2014,1
76561198082520598,3000AD,2015,1
76561198082767148,Bankroll Studios,2015,1
76561198082823023,Scott Cawthon,2016,2
76561198083141377,Team17 Digital Ltd,2015,1
76561198083143415,Topware Interactive,2015,1
76561198083316709,Egosoft,2015,1
76561198083316709,Kalypso Media Digital,2013,1
76561198083368303,Electronic Arts,2014,1
76561198083375450,Cherry Pop Games,2015,1
76561198083453517,Edge of Reality,2014,1
76561198083456018,Archive Entertainment,2015,1
76561198083468865,Ubisoft,2014,1
76561198083522714,Hoobalugalar_X,2015,1
76561198083899583,BANDAI NAMCO Entertainment,2016,1
76561198083948870,Valve,2014,1
76561198083973618,Deca Games,2014,1
76561198083985268,Hello Games,2016,1
76561198084032274,Reto-Moto,2014,1
76561198084300729,Valve,2015,1
76561198084329163,Reto-Moto,2016,1
76561198084622842,Codebrush Games,2014,1
76561198084777483,Smartly Dressed Games,2014,1
76561198084797537,Diminished Studios,2016,1
76561198084899414,Studio Wildcard,2016,1
76561198085062072,Valve,2016,1
76561198085109035,Signal Studios,2016,1
76561198085285121,Valve,2014,1
76561198085345522,Ubisoft,2014,1
76561198085457850,"Masthead Studios Ltd, Thegamewallstudios, Gamigo AG",2015,1
76561198085571748,Andrii Vintsevych,2015,1
76561198085571748,Gravity Interactive,2016,1
76561198085571748,Team Psykskallar,2015,1
76561198085956238,"Blackmill Games, M2H",2016,1
76561198085956238,Jagex,2016,1
76561198085982092,800 North and Digital Ranch,2014,1
76561198086119658,Buka Entertainment,2014,1
76561198086140906,Valve,2015,1
76561198086146150,Facepunch Studios,2014,1
76561198086462653,Valve,2016,1
76561198086530323,"2K, Aspyr (Mac,Linux)",2014,1
76561198086572689,Entrada Interactive LLC,2016,1
76561198086613935,BANDAI NAMCO Entertainment,2014,1
76561198086622542,"OP Productions LLC, Free Reign East LLC",2016,1
76561198086722947,"Blackmill Games, M2H",2015,1
76561198086857424,Valve,2015,1
76561198086885214,Hello Games,2016,1
76561198087173211,Smartly Dressed Games,2014,1
76561198087480152,Valve,2014,1
76561198087511576,Bethesda Softworks,2016,1
76561198087546697,JAVELIN OÜ,2015,1
76561198087706617,Facepunch Studios,2014,1
76561198087809390,Valve,2015,1
76561198088145132,Wild Games Studio,2014,1
76561198088407985,Lever Games,2014,1
76561198088407985,Warner Bros. Interactive Entertainment,2013,1
76561198088529669,Perfect World Entertainment,2014,1
76561198088699917,Valve,2014,1
76561198089095498,Capcom,2015,1
76561198089204482,Warner Bros. Interactive Entertainment,2015,1
76561198089360928,Team Psykskallar,2015,2
76561198089455336,"Nicalis, Inc.",2015,1
76561198089509654,Bohemia Interactive,2015,1
76561198089541911,Microsoft Studios,2016,1
76561198089541911,New World Interactive,2014,1
76561198089779183,Facepunch Studios,2015,1
76561198089905857,Smartly Dressed Games,2015,1
76561198090300952,Re-Logic,2014,1
76561198090332398,Ubisoft,2014,1
76561198090393261,Ubisoft,2015,1
76561198090530209,Endnight Games Ltd,2016,1
76561198090899557,Facepunch Studios,2016,1
76561198090934295,Re-Logic,2016,1
76561198090937647,Smartly Dressed Games,2015,1
76561198091081910,"Reverb Triple XP, Circle 5",2016,1
76561198091110290,Facepunch Studios,2015,1
76561198091128519,"Trek Industries, Inc",2014,1
76561198091164094,Semanoor,2014,1
76561198091164764,Bohemia Interactive,2016,1
76561198091369153,Activision,2014,1
76561198091548792,FireFly Studios,2014,1
76561198091548792,Grey Havens,2014,1
76561198091613577,9heads Game Studios,2015,1
76561198091613577,"Naga Entertainment, Nova Dimension",2014,1
76561198091826904,Awesome Games Studio,2014,1
76561198091885821,"CAPCOM Co., Ltd.",2016,1
76561198091895259,"Sector3 Studios, RaceRoom Entertainment AG",2015,1
76561198091976678,Net Games Distribution LTD,2016,1
76561198092163978,"Masangsoft, Inc.",2015,1
76561198092342174,Psychic Software,2014,1
76561198092374007,Studio Wildcard,2016,1
76561198092473728,Reto-Moto,2014,1
76561198092626023,Facepunch Studios,2015,1
76561198092735015,Nexon Europe GmbH,2015,2
76561198092796694,Smartly Dressed Games,2015,1
76561198093124034,Edge of Reality,2015,1
76561198093124034,Ronimo Games,2016,1
76561198093124034,Valve,2016,1
76561198093148567,Freakinware Studios,2016,1
76561198093156182,Valve,2015,1
76561198093179917,Valve,2016,1
76561198093240797,Shumkov Dmitriy,2014,1
76561198093283574,"FIX Games, Co. LTD",2013,1
76561198093336165,Deep Silver,2016,1
76561198093336165,Valve,2014,1
76561198093336165,Valve,2016,1
76561198093448979,Bossa Studios,2014,1
76561198093541789,Telltale Games,2014,1
76561198093624679,Jagex,2014,1
76561198093768306,"Codemasters, Feral Interactive (Mac)",2014,1
76561198093768306,IF Studios,2014,1
76561198093768306,Nacho Games,2015,1
76561198093768306,Telltale Games,2015,1
76561198093839799,Edge of Reality,2014,1
76561198093839799,Valve,2015,1
76561198093846750,Deep Silver,2016,1
76561198094051303,Valve,2014,1
76561198094162039,Activision,2015,1
76561198094174176,Deep Silver,2016,1
76561198094174176,Tripwire Interactive,2016,1
76561198094174176,Valve,2016,1
76561198094321155,Focus Home Interactive,2014,1
76561198094506909,Facepunch Studios,2015,1
76561198094507877,"WB Games, Feral Interactive (Mac)",2015,1
76561198094511613,Hardsuit Labs,2014,1
76561198094656207,Aeria Games,2016,1
76561198094722660,"2K Games, Missing Link Games",2015,1
76561198094722660,"Nether Productions, LLC",2014,1
76561198094933232,Activision,2013,1
76561198094936736,David Szymanski,2014,1
76561198094936736,Mastertronic,2014,1
76561198094961153,CivilSavages,2016,1
76561198095035915,"Masangsoft, Inc.",2014,1
76561198095257483,"JumpStart Games, Inc.",2014,1
76561198095512109,Fullbright,2014,1
76561198095512109,Valve,2014,1
76561198095856407,Valve,2014,1
76561198095926289,GSC Game World,2014,1
76561198096694241,Artifice Studio,2015,1
76561198096694241,Hitcents,2014,1
76561198096745990,"Nicalis, Inc.",2014,1
76561198097034946,Valve,2015,1
76561198097450390,Paradox Interactive,2015,1
76561198097809601,"BitMonster, Inc.",2015,1
76561198097881853,"Oovee® Game Studios, IMGN.PRO",2014,1
76561198098088298,Activision,2014,1
76561198098316646,Valve,2015,1
76561198098346223,Reloaded Games,2016,1
76561198098423566,CI Games,2016,1
76561198098840056,Bohemia Interactive,2015,1
76561198098840056,"Nicalis, Inc.",2014,1
76561198099289520,Hi-Rez Studios,2016,1
76561198099337899,Digital Extremes,2016,1
76561198100374797,"Warner Bros. Interactive Entertainment, Feral Interactive (Mac)",2014,1
76561198100968099,Mad Otter Games,2015,1
76561198101082014,Bohemia Interactive,2015,1
76561198101082014,Digital Extremes,2014,1
76561198101343639,Shiver Games,2015,1
76561198101379613,Archive Entertainment,2014,1
76561198101431323,Valve,2014,1
76561198101480347,Suspicious Developments,2014,1
76561198101552611,Cybertime System,2015,1
76561198101743006,SnoutUp,2016,1
76561198101924684,Telltale Games,2015,1
76561198102409708,Hello Games,2016,1
76561198102667143,Bohemia Interactive,2014,1
76561198103020723,Lever Games,2014,1
76561198103370110,"Nicalis, Inc.",2014,1
76561198103371005,Infernum Games GmbH,2015,1
76561198103371005,Reto-Moto,2015,1
76561198103371005,Valve,2016,1
76561198103635105,"2K, Aspyr (Mac and Linux)",2015,1
76561198103635105,CCP,2014,1
76561198103635105,Deca Games,2014,1
76561198104212010,Shiro Games,2015,1
76561198104273323,"FIX Games, Co. LTD",2015,1
76561198104388002,Deca Games,2015,1
76561198104448535,Bethesda Softworks,2016,1
76561198104448535,SUPERHOT Team,2016,1
76561198105027578,Freejam,2015,1
76561198106068056,Valve,2015,1
76561198106618351,Hardsuit Labs,2015,1
76561198107730535,Activision,2014,1
76561198108415635,Artifex Mundi,2016,1
76561198109703402,Coffee Stain Publishing,2014,1
76561198110388435,Smartly Dressed Games,2015,1
76561198110388435,Valve,2015,1
76561198111206146,Electronic Arts,2015,1
76561198111424831,Valve,2014,1
76561198111943364,"Trek Industries, Inc",2014,1
76561198114558878,Techland Publishing,2016,1
76561198115868847,Torn Banner Studios,2016,1
76561198116548792,Valve,2015,1
76561198119180365,Edge of Reality,2016,1
76561198119180365,rondomedia GmbH,2016,1
76561198119376787,Akella,2014,1
76561198119452104,Microblast Games,2015,1
76561198120785462,KISS ltd,2015,1
76561198122699359,Doctor Entertainment AB,2015,1
76561198122817042,Valve,2014,1
76561198123519486,Re-Logic,2015,1
76561198123519486,Ubisoft,2015,1
76561198123837950,Freejam,2016,1
76561198124333252,Rockstar Games,2014,1
76561198124409474,Warner Bros. Interactive Entertainment,2014,1
76561198128295561,Studio Wildcard,2015,1
76561198128670473,Studio Wildcard,2015,1
76561198129261303,Studio Wildcard,2015,1
76561198129265482,Bethesda Softworks,2015,1
76561198129265482,SCS Software,2016,1
76561198130453291,Smartly Dressed Games,2015,1
76561198131512468,Facepunch Studios,2015,1
76561198132183055,Ubisoft,2014,1
76561198132717938,Etter Studio,2016,1
76561198132717938,Rooster Teeth Games,2016,1
76561198133319761,"OP Productions LLC, Free Reign East LLC",2016,1
76561198134139139,"FIX Games, Co. LTD",2016,1
76561198136842952,Reloaded Games,2015,1
76561198138045913,Edge of Reality,2015,1
76561198138045913,Fatshark,2015,1
76561198138586856,candyrocketstudio,2016,1
76561198141880878,Freejam,2015,1
76561198142482015,Valve,2014,1
76561198143395684,505 Games,2015,1
76561198147285284,Trion Worlds,2015,1
76561198147319849,TB Games,2016,1
76561198147471031,Reto-Moto,2014,1
76561198147922014,Studio Wildcard,2016,1
76561198149939310,Valve,2016,1
76561198157640176,Virtual Basement LLC,2016,1
76561198159037032,Replay Games,2015,1
76561198165280229,Playsaurus,2015,1
76561198165512984,Valve,2015,1
76561198174303610,Trion Worlds,2015,1
76561198180009299,Studio Wildcard,2015,1
76561198189794995,Code}{atch,2015,1
76561198192790182,KIXEYE,2016,1
76561198193227423,1C Company,2015,1
76561198193227423,1C Company,2016,1
76561198201849275,Reto-Moto,2015,1
76561198202398471,Lever Games,2016,1
76561198202443306,Aeria Games,2015,1
76561198222628548,2K,2015,1
76561198244970548,2K,2016,1
76561198260732809,Bethesda Softworks,2015,1
76561198267779591,Chubby Pixel,2016,1
76561198273284475,Jagex,2016,1
76561198297906261,Creability,2016,1
76561198299095634,Square Enix,2016,1
765611983889673,Warner Bros. Interactive Entertainment,2016,1
776561197993302128,Codemasters,2014,1
83837474,Number None,2016,1
8392158,Strategy First,2015,1
8j2c4,Bethesda Softworks,2015,1
97396295,Blue Mammoth Games,2016,1
97396295,Daybreak Game Company,2014,1
AJGANGSTER,SEGA,2015,1
AMV72,Capcom Co. Ltd,2012,1
ANUUCHEEKIBREEKIUVDAMKI,Ragequit Corporation,2016,1
AdamRE6,Gamersfirst,2015,1
Adnurak,"BANDAI NAMCO Entertainment, FromSoftware, Inc",2014,1
Aizaak,Hello Games,2016,1
Akko6288,Panic Art Studios,2015,1
AlanJack102,Coffee Stain Publishing,2016,1
AlejoSchlogl,Edge of Reality,2014,1
AleksoSmeksoHere,SEGA,2015,1
Allahu_Akbar666,Smartly Dressed Games,2014,1
AlmightyShippo,Square Enix,2015,1
AlmightyShippo,Wild Games Studio,2014,1
AlphaPodbury,Ubisoft,2016,1
AnEvilReindeer,Torn Banner Studios,2014,1
Angus887Gaming,Studio Wildcard,2015,1
AnonRookie,Double Fine Productions,2016,1
Anthemion,Atelier 801,2015,1
Anywher,E-Line Media,2015,1
Ao2SAmmeyboii,Nexon America Inc.,2014,1
Apex_Plays,Studio Wildcard,2015,1
Aquilla96,Bethesda Softworks,2015,1
Aquilla96,"Square Enix, Feral interactive (Mac), Feral Interactive (Linux)",2015,1
ArchyRival,Smartly Dressed Games,2015,1
ArchyRival,Valve,2015,1
ArchyRival,Valve,2016,1
Array71,CCP,2014,1
ArrestMe,"Rocketeer Games Studio, LLC",2016,1
Artful-dodgeR,SEGA,2016,1
Aurora99,Bethesda Softworks,2015,1
AusMikey,Ubisoft,2014,1
AwesomeReach,FireFly Studios,2014,1
AwesomenessD,Meridian4,2014,1
Axendor,Facepunch Studios,2016,1
Axetothehead,Bohemia Interactive,2016,1
BAW_Killer,Konami Digital Entertainment,2015,1
BAW_Killer,Ubisoft,2015,1
BESTPERSON,Cosmic Cow LLC,2014,1
BOYKOOPS,Hello Games,2016,1
BZ4LIFE,Bohemia Interactive,2016,1
BananaCar,Freejam,2016,2
Bananana999,Jagex,2016,1
Bananasbananas,Chubby Pixel,2016,1
Bashmygash,Valve,2015,1
Bawst,Coffee Stain Publishing,2013,1
BayonetSpaghettiKnife,Valve,2016,1
Benny3888,Bohemia Interactive,2014,1
BewareWeLive,Coffee Stain Publishing,2014,1
BeyondBlitz,tobyfox,2016,1
BitchIAmGod,Valve,2015,1
BlackBird252L,Hello Games,2016,1
BlackSp00n,Edge of Reality,2014,1
BlazingDawn,Microsoft Studios,2014,1
Blitzboom01,Facepunch Studios,2015,1
BlockStabFatality,Bethesda Softworks,2016,1
Blood_and_Bone,Studio Wildcard,2016,1
BlueYuY,Hello Games,2016,1
BlueYuY,Valve,2016,1
Bogers69,JDM4iK,2016,1
Bongholio,Rockstar Games,2014,1
BonnieMTD,Smartly Dressed Games,2015,1
BoomerBacon,Bohemia Interactive,2014,1
BoomerBacon,Paradox Interactive,2014,1
Bowmore,Broken Rules,2011,1
Brayneeah,BANDAI NAMCO Entertainment,2016,1
Brojomojo,Valve,2014,1
BruceLamb,Freejam,2015,1
BugsyBro,My.com,2014,1
BurgerStab,Idea Factory International,2016,1
Buttole,My.com,2014,1
Buttole,Valve,2014,1
BuzzyWuzzy,Bohemia Interactive,2016,1
BuzzyWuzzy,"Expansive Worlds, Avalanche Studios",2015,1
ByanVEVO,Valve,2014,1
C14M8S,Torn Banner Studios,2015,1
C14M8S,Valve,2014,1
CCViBritannia,Activision,2014,1
CanadianGooseLover,Circle Five Studios,2015,1
Capscain,Warchest Ltd.,2015,1
Captain_Honey,Infernum Games GmbH,2015,1
Carlos926,Hi-Rez Studios,2014,1
CatCatCatCatCatCatCatCat,Ayyo Games,2014,1
ChannelMiner,Hello Games,2016,1
ChannelMiner,SionoiS,2016,1
CheeZeIzLuv,Valve,2016,1
Chinnigan,Twisted Tree,2014,1
ChrisEWOI,CyberCoconut,2015,1
CookedTuna,Ubisoft,2016,1
CorporalTaylor200,Re-Logic,2015,1
CrazyKidGo,The Behemoth,2015,1
CrimsonStormFTW,Valve,2016,1
Cryotechnic68,Beam Team Pty Ltd,2016,1
DANOID,Ubisoft,2016,1
DaEpicGamer64,Paradox Interactive,2015,1
DajTh3Dj,Digital Extremes,2015,1
Dankulicious,Smartly Dressed Games,2016,1
Dansnaith,Valve,2014,1
Dante69123,Focus Home Interactive,2014,1
Dante69123,"FromSoftware, Inc., BANDAI NAMCO Entertainment",2016,1
Darell3,Bohemia Interactive,2014,1
Darkfuji,Hyper Hippo Games,2015,1
Darkness211,Awesome Games Studio,2015,1
DarthDunsparce,En Masse Entertainment,2015,1
DarthDunsparce,Scott Cawthon,2015,1
DarthRhys,Code}{atch,2015,1
DeadNiggaStorage,"Panic Inc., Campo Santo",2016,1
DeadNiggaStorage,Telltale Games,2015,1
DeadNiggaStorage,Tripwire Interactive,2016,1
Dead_Ninja00,Deep Silver,2014,1
Deepadeep,"Masangsoft, Inc.",2015,1
DefNotPeter,THQ Nordic,2012,1
DementedSwag,Blendo Games,2013,1
Denroxyou,Valve,2013,1
Denzham,CyberCoconut,2015,1
Derplexity,Valve,2011,1
DerpyMineTurtle,Reto-Moto,2015,1
DerpyMineTurtle,Studio Wildcard,2015,1
Devmabby,"Marvelous, Autumn Games",2015,1
DiamondAthority,Studio Wildcard,2015,1
DogeWithDaSwegAndDew,Hyper Hippo Games,2015,1
DogeWithDaSwegAndDew,Nexon Europe GmbH,2015,1
Dolphinquack,Digital Leisure Inc.,2014,1
Dolphinquack,Nexon America,2016,1
Donato_Dyas,Introversion Software,2015,1
DontCareForURL,Code}{atch,2015,1
DontCareForURL,"Warner Bros. Interactive Entertainment, Feral Interactive (Mac/Linux)",2015,1
DrScully,Joycity,2015,1
Droleee,Facepunch Studios,2014,1
DuffBeer1,Introversion Software,2014,1
Dwash,Nexon America Inc.,2015,1
ED13,Warner Bros. Interactive Entertainment,2015,1
EHS-R3AP3R,Ubisoft,2015,1
ELCHAPOELCHAPOELCHAPO,Kumobius,2016,1
EPGPenguin,Deca Games,2015,1
EXC-2_Stroke,New World Interactive,2015,1
EasyMcYeezy,Endnight Games Ltd,2014,1
Eehee,"Square Enix, Feral Interactive (Mac)",2014,1
EizanAratoFujimaki,Ubisoft,2016,1
El_Vonzo,Hello Games,2016,1
Element121,Valve,2016,1
EliteAlex,Valve,2015,1
ElocSweg,vikingfabian.com,2016,1
EpicDemoManHasKitteh,Digital Extremes,2014,1
EpsiloN22,Hardsuit Labs,2014,1
EpsiloN22,Perfect World Entertainment,2014,1
ErikCronin,Devolver Digital,2016,1
Eviljarro,Valve,2014,1
FIexioN,Twisted Tree,2013,1
FUCKINGkike,Valve,2016,1
FaZeWeaver,En Masse Entertainment,2014,1
Faibl,"BANDAI NAMCO Entertainment, FromSoftware, Inc",2015,1
FakerAU,Activision,2014,1
FatalPoint,Signal Studios,2015,1
FatalPoint,Square Enix,2015,1
FictionDaddy,Activision,2015,1
FieryWolf29,Abstract Tree Studio,2016,1
FinnMcCruel,Nexon Europe GmbH,2015,1
FixItFox,Deca Games,2014,1
FlNALIZE,"Activision, Aspyr (Mac)",2015,1
FlNALIZE,Smartly Dressed Games,2016,1
FlameFireBlast,"Trek Industries, Inc",2016,1
Flanderstime,Bongfish GmbH,2015,1
FlutterBrave,Dark Artz Entertainment,2013,1
Foxxy346,Valve,2014,1
Foxxy346,Valve,2016,1
Fr0sticlesOfficial,Disney Interactive,2015,1
Frenzieddd,Nexon Europe GmbH,2014,1
FrostyBlizzard,"2K Games, Aspyr (Mac, Linux)",2015,2
FrostyBlizzard,Rebellion,2014,2
FukBichesMaekMunni,Bohemia Interactive,2014,1
FunkMeister1,"FromSoftware, Inc., BANDAI NAMCO Entertainment",2016,1
G0LDENGUNNER,Valve,2015,1
GAHK,Bethesda Softworks,2016,1
GLaddy1337,"Trek Industries, Inc",2014,1
GOFUCKYOURSELFYOULILCUNT,Good Vibration Games,2016,1
GURNSBRAH,Hello Games,2016,1
Gaaaaary,Bohemia Interactive,2015,1
Gabbu,Gravity Interactive,2015,1
GamerEdge,Bohemia Interactive,2014,1
GamingDope,Aslan Game Studio,2015,1
Gcthemonkey,Strategy First,2014,1
Gemini_Tiw,Andrii Vintsevych,2013,1
GetALifeStopLookingAtMyUrl,Facepunch Studios,2015,1
GetMLGRekt,Eleon Game Studios,2015,1
GhosTboNEs22,Reto-Moto,2016,1
GhosTboNEs22,Valve,2015,1
Giovannizzo,Ubisoft,2015,1
Glitchar,"Psyonix, Inc.",2016,1
GoonzaalooX,Bohemia Interactive,2015,1
GoonzaalooX,Torn Banner Studios,2015,1
GoonzaalooX,Valve,2014,1
GravityI,Panic Art Studios,2016,1
Griffsta,"2K, Aspyr (Mac, Linux)",2016,1
Griffsta,Digital Leisure Inc.,2016,1
Gterrestrial,Freejam,2016,1
GuffPapp,Team Psykskallar,2015,1
H1DD3NT3RR0R,Valve,2015,1
HMPatu,"2K, Aspyr (Mac,Linux)",2014,1
HOGANKWOK,Disney Interactive,2015,1
Hamticipation,Warchest Ltd.,2015,1
Hayjack,"FIX Games, Co. LTD",2014,1
HazardousRusty,Valve,2015,1
Headfreakingshot,Topware Interactive,2014,1
Headlessone,Ubisoft,2015,1
HerbalOne984,Touz,2015,1
HeyItsWill,Facepunch Studios,2016,1
Hikofuyu,Hoobalugalar_X,2015,1
HoQG,Valve,2016,1
How51,Wizards of the Coast LLC,2015,1
HunterSLAYERR,Sekai Project,2016,1
Hybridation,"Trek Industries, Inc",2016,1
IIPaperPlateII,Grey Havens,2014,1
ILikeMintIceCream,Daybreak Game Company,2015,1
INFERNOpineapple,Blazing Griffin Ltd.,2014,1
INSERTCASH,Bethesda Softworks,2016,1
IVisbetter,Fish Eagle,2016,1
I_AM_SATAN,SEGA,2014,1
I_Was_Just_In_Beaver,Activision,2016,1
IamSytrix,Frictional Games,2015,1
IamSytrix,KITATUS STUDIOS,2015,1
IceBergs,GameArt Studio GmbH,2015,1
IceBergs,Reiza Studios,2015,1
IchMasKung,Reto-Moto,2015,1
Ifuckedmycompanioncube,Net Games Distribution LTD,2014,1
Illuminutter,Freejam,2016,1
ImJustPro,Valve,2016,1
ImTheSloth,Rockstar Games,2015,1
ImWinKo,Bohemia Interactive,2015,1
Imascatman,Strategy First,2015,1
Inkybots,My.com,2014,1
Invaderzim58,Digital Extremes,2015,1
Invitedsnail,Capcom,2014,1
Ionator,Trion Worlds,2015,2
Itschiddy,Playsaurus,2016,1
IzaiahSalter,Fortress Forever,2015,1
JCDon12,Reloaded Games,2015,1
JDubb153,Hello Games,2016,1
JZeeba,"Marvelous, Autumn Games",2014,1
Jaewda,Bohemia Interactive,2015,1
Jakey_Cee,TB Games,2015,1
JamesDurham23JubileeRd,Dark Amber Softworks,2015,1
JamesTB,Smartly Dressed Games,2014,1
JarateTheKid,Baller industries,2016,1
Jarrude,"2K, Aspyr (Mac and Linux)",2015,1
Jasrad,"CD PROJEKT RED, 1C-SoftClub",2014,1
Jasrad,Smartly Dressed Games,2014,1
JayKayGray,Square Enix,2015,1
Jean-Leon,Oddworld Inhabitants,2016,1
Jezza453,Chubby Pixel,2015,1
Jimmyhello,My.com,2014,1
JohnMotherfuckingWick,"Schine, GmbH",2014,1
John_J_Rambo,Smartly Dressed Games,2015,1
JonesD2017,Daybreak Game Company,2013,1
JoshPlaysYT,Facepunch Studios,2015,1
Joshooaa,Bohemia Interactive,2016,1
JsaKim,Codebrush Games,2013,1
JugglerShang,My.com,2014,1
JustinQ7,Tripwire Interactive,2015,1
KBii_XD,"OP Productions LLC, Free Reign East LLC",2015,1
KFJIndustries,"Sector3 Studios, RaceRoom Entertainment AG",2014,1
Kaboku,Valve,2013,1
KattykitTheKittyKat,Focus Home Interactive,2014,1
Kebabsaregood,Facepunch Studios,2015,2
Kelsoren,Ubisoft,2014,1
KillerThriller,"Expansive Worlds, Avalanche Studios",2014,1
Killyis,Bethesda Softworks,2016,1
Killyis,Devolver Digital,2016,1
KingBlobfish,"Armor Games Studios, PestoForce",2016,1
KingBlobfish,kChamp Games,2016,1
KingXRay,Jagex,2015,1
KinkyBird,Paradox Interactive,2014,1
KinkyBird,Torn Banner Studios,2014,1
Kipikinson,BANDAI NAMCO Entertainment,2015,1
KlaudC,Valve,2013,1
KongHaoMing,Cherry Pop Games,2015,1
Kootrasman,TB Games,2015,1
Kootrasman,Ubisoft,2016,1
Krakers99,Bohemia Interactive,2014,1
Kuledude28,Bohemia Interactive,2013,1
KyleHoll,Jagex,2015,1
L31ken,Facepunch Studios,2014,1
LASSO133,Bankroll Studios,2016,1
LORDxHAWK,Bohemia Interactive,2014,1
Lachlan12345,Egosoft,2014,1
Lazakin,Frogsong Studios AB,2016,1
LeftofZen,Square Enix,2015,1
LevitatingBacon,Aspyr (Mac &amp; Linux),2015,1
LewBrew,Bohemia Interactive,2016,1
Lex55678,Deca Games,2015,1
Light_Dark,Devolver Digital,2015,1
Lightbekon,Double Fine Productions,2015,1
Lilaven,Targem Games,2016,1
LinnieLin,Blockland LLC,2014,1
LonleyRedHeadOrphan,Valve,2015,1
LordMinion777,"CAPCOM Co., Ltd.",2015,1
LordMinion777,Strategy First,2015,1
LordMinion777,Ubisoft,2015,1
LordMinion777,Valve,2016,1
LordMinion777,tinyBuild,2014,1
LucarioSakaki,Ubisoft,2015,1
Luk_muller24,Electronic Arts,2015,1
LukasTrotacielos,My.com,2014,1
LukasTrotacielos,Trion Worlds,2015,1
LukasTrotacielos,Warchest Ltd.,2015,1
Lunaii,Scott Cawthon,2014,1
MGrillz,Valve,2016,1
M_D_,505 Games,2015,1
Mastic,Trion Worlds,2015,1
MattBowles,"SQUARE ENIX, Eidos Interactive",2014,1
MattaPuttasPT,My.com,2015,1
Matttopia,Edge of Reality,2014,1
MeckieLAD,Studio Wildcard,2015,1
Mega_guycraft,Reto-Moto,2015,1
MegamanFury,Nexon America,2016,1
Mezlinthedrezzin,Codemasters,2015,1
MidnightEmperor,"SEGA, Feral Interactive (Mac), Feral Interactive (Linux)",2015,1
MinerKnight,ATLUS USA,2015,2
MissVioletVi,Studio Wildcard,2016,1
MixedMag,Archive Entertainment,2014,1
MixedMag,Square Enix,2014,1
MladshiyLlama,Reto-Moto,2016,1
Mobullbo,Daybreak Game Company,2014,1
Mockism,Valve,2015,1
Monazthespaz,Valve,2014,1
Monsta45,Edge of Reality,2014,2
Mozness,"Activision, Aspyr (Mac)",2016,1
MrChumps,Degica,2015,1
MrInward,Valve,2014,1
MrRavige,Freejam,2014,1
MrUnknownYT,Warner Bros. Interactive Entertainment,2015,1
MrYeroc,Square Enix,2016,1
Mrbrightside_kent,Hello Games,2016,1
MuellerJ7,Mastertronic,2016,1
MurQzilla,"SEGA, Feral Interactive (Linux), Feral Interactive (Mac)",2016,1
MynameisAuz,Telltale Games,2016,1
Mysticmoo,Digital Extremes,2013,1
N0P3_56,Perfect World Entertainment,2014,1
NEEDforSHEEP,Hardsuit Labs,2015,1
NOTHING_BUT_STAR_WARS,505 Games,2016,1
Nargoord,Ubisoft,2015,1
Necrosc,Activision,2016,1
NewandImprovedDashie,Valve,2013,1
NicNukem,Ubisoft,2014,1
Nikita50111,Valve,2014,1
NinjaG32,Kyle Seeley,2015,1
Ninjaawesomefuntime,Brightrock Games,2015,1
Ninjaawesomefuntime,Uber Entertainment,2015,1
Nitrousrun,TB Games,2015,1
No_Count,CI Games,2016,1
NobleOfBirth,Fatshark,2015,1
NobodyBXII,"2K Games, Aspyr (Mac, Linux)",2015,1
NobodyBXII,Bohemia Interactive,2015,1
Norf_Norf,Chucklefish,2014,1
Noxious02,Smartly Dressed Games,2015,1
OfficalUberZ,Blockland LLC,2014,1
OfficialAlang,Bohemia Interactive,2014,1
OfficialAlang,Unknown Worlds Entertainment,2014,1
OfficialAlang,Valve,2014,1
OfficialSenix,Kyle Seeley,2015,2
Ohhellotherefriend,Endnight Games Ltd,2014,1
Ovakil,Aleksey Abramenko,2014,1
PApab0y,Coffee Stain Publishing,2014,1
PApab0y,Endnight Games Ltd,2014,1
PROGAMER963,800 North and Digital Ranch,2013,1
PUGSAREPRO,"Expansive Worlds, Avalanche Studios",2014,1
Pancakesandbacon,Valve,2015,1
PandaCorn666,Strategy First,2013,1
Pandaliti,"JumpStart Games, Inc.",2014,1
Papillon26,Valve,2015,1
PassiveAggressivePancake,Team17 Digital Ltd,2014,1
PatSWAG,8-Bit Studio,2014,1
PeaceEagle,"2K Games, Aspyr (Mac &amp;amp; Linux)",2014,1
PeaceEagle,Ubisoft,2016,1
Pemalite,Ubisoft,2014,1
Phasmore,"Trion Worlds, Inc.",2014,1
Phoenix883,Panic Art Studios,2015,1
Phoenix883,Rebellion,2014,1
Phoenixexe,Valve,2014,1
PinkamenaDianePyro,bitComposer Games,2014,1
PipingWind,Hello Games,2016,1
PlushTurtle,Paradox Interactive,2012,1
PorbusMaximus,Codebrush Games,2014,1
Pork_Sausage,Jagex,2013,1
PortHashbrown,"LucasArts, Aspyr (Mac), Lucasfilm, Disney Interactive",2015,1
Powerfulzeus,Streum On Studio,2013,1
PureNasher,Square Enix,2014,1
PutoelqueLeeXD,Devolver Digital,2016,1
PuzziDestroyer,Freejam,2014,1
Pzop,Bohemia Interactive,2015,1
Quarity,"Monochrome, Inc",2013,1
Quarity,Team17 Digital Ltd,2013,1
Quazziemodo,Hello Games,2016,1
QuenchingAlarm1,WARTEAM,2015,1
Qzt,"FIX Games, Co. LTD",2014,1
RAST1S,Hardsuit Labs,2016,1
RIPFreddieMercury,Code}{atch,2016,1
ROGUESPARKZ,Bohemia Interactive,2015,1
Radsick,"BitMonster, Inc.",2015,1
Rager1345,"FIX Games, Co. LTD",2015,1
Rager1345,Hardsuit Labs,2015,1
RaikoSurik,Ubisoft,2016,1
Raiseyourdongersss,Rebellion,2014,1
Rambo1061,Facepunch Studios,2015,1
Rawex,Black Shell Games,2015,1
RaxonTV,Digital Extremes,2016,1
Remo191,Hello Games,2016,1
ReverseHotel,FireFly Studios,2014,1
ReverseHotel,Jagex,2014,1
RevivedShadow,Freejam,2015,1
RexTrigger,Capcom,2014,1
RforRice,Tripwire Interactive,2015,1
RhileyChampion,Jagex,2015,1
RipSkinerinos,Digital Leisure Inc.,2016,1
Rique1200,Studio Wildcard,2016,1
Rogue_Security,Andrii Vintsevych,2013,1
Ron__Ron,Grey Havens,2016,1
Ronald_D_D,Torn Banner Studios,2015,1
Roseonfire,Gamersfirst,2014,1
Rotinaj,Hello Games,2016,1
Rotomaniac,"FromSoftware, Inc., BANDAI NAMCO Entertainment",2016,1
Rotomaniac,"Harebrained Schemes, Bandai Namco",2016,1
Royal22,"Trek Industries, Inc",2014,1
Rubytrogdon,Edmund McMillen,2014,1
SGTJRYAN,Valve,2016,1
SKELETRONPRIMEISOP,Creability,2014,1
SKELETRONPRIMEISOP,Deca Games,2014,1
SKELETRONPRIMEISOP,Edge of Reality,2014,1
SKELETRONPRIMEISOP,Fistful of Frags Team,2014,1
SKELETRONPRIMEISOP,Valve,2014,1
SMIGDEEK,Hardsuit Labs,2014,1
SMIGDEEK,Shumkov Dmitriy,2014,1
SNEAKY_Boxman,Smartly Dressed Games,2015,1
SachielWasHere,Smartly Dressed Games,2015,1
SakifX9,Konami Digital Entertainment,2016,1
SakifX9,Netcore Games,2015,1
Salus,Team Psykskallar,2015,1
Sam_Slade,"Psyonix, Inc.",2016,1
SambaWarKiddo,Kiddy,2016,1
SavviSYD,Eden Industries,2015,1
SavviSYD,Sometimes You,2015,1
Scott-the-Dick,Joycity,2015,1
SeekTheDarkness,Codebrush Games,2014,1
SeekTheDarkness,"Masthead Studios Ltd, Thegamewallstudios, Gamigo AG",2014,1
Shad3Gam3r,"Masangsoft, Inc.",2014,1
ShadicTripleSeven,Deca Games,2014,1
Shadowcyhte,"2K Games, Aspyr (Mac &amp;amp; Linux)",2015,1
ShanonLilleyman,Edge of Reality,2014,1
Shaterred_,Activision,2014,1
Shaun9112,"Nether Productions, LLC",2014,1
ShizFizz,En Masse Entertainment,2015,1
Shredderman962,United Independent Entertainment GmbH,2014,2
SirDickingson,Warner Bros. Interactive Entertainment,2014,1
Skrill3x225,Terry Cavanagh,2013,1
SlurpDog,Gaijin Entertainment,2014,1
Slynx_,Activision,2014,1
Smeegan,Daedalic Entertainment,2014,1
Smeegan,Frogdice,2014,1
Smeegan,tobyfox,2016,1
Smithies,Dovetail Games - Trains,2015,1
Smithies,Valve,2014,1
Smithies,Valve,2016,1
SmokaBluntos,DnS Development,2014,1
Sneaki,Paradox Interactive,2016,1
SniffyDiagram,Ubisoft,2014,1
SociopathicDestruction,Deep Silver,2015,1
SomeGuyThatPlaysGames,Digital Extremes,2015,1
SoulJamboree,Warner Bros. Interactive Entertainment,2016,1
Sp3ctre,Activision,2015,1
Sp3ctre,Facepunch Studios,2016,1
Spriteling,Freejam,2014,1
Squarp13,Facepunch Studios,2015,1
St3863,Deep Silver,2014,1
StaticStabler,Disney Interactive,2016,1
StealthChocy,My.com,2014,1
Stick509,Warchest Ltd.,2015,1
Stnether,Freejam,2016,1
Subway69,THQ Nordic,2016,1
SuperRowando,The Quinnspiracy,2016,1
SuperVegito45,Shumkov Dmitriy,2015,1
Superdraco3314,Freejam,2015,1
SuspiciousPackage,Codemasters,2014,1
Swahboo,Bossa Studios,2015,1
SwizzleAsh,"oddonegames, neobricks",2016,1
TANTANTAN1,Valve,2015,1
TKDG,Shumkov Dmitriy,2015,2
TSGStosh,Jagex,2014,1
TaTayTaylor,Square Enix,2014,1
Tacos4Lyfe,Iceberg Interactive,2015,1
Tarvo69,Sos Mikolaj Kaminski,2014,1
Tarvo69,Valve,2014,2
TeFauPeHaDe,Valve,2016,1
TehStoneMan,Double Fine Productions,2015,1
Terminator_Mitch,Activision,2015,1
Tezzdog,Chilled Mouse,2015,1
Thatmeepo,Trendy Entertainment,2015,1
TheAussieBeast,Warner Bros. Interactive Entertainment,2015,1
TheBestJuan,Threaks,2014,1
TheCrypticWolf,Endnight Games Ltd,2014,1
TheDamox,SCS Software,2015,1
TheDecapotato,Team17 Digital Ltd,2015,1
TheEternalDay,InvertMouse,2015,1
TheGoodMister,Hoobalugalar_X,2015,1
TheGuyCryingInTheWest,BANDAI NAMCO Entertainment,2015,1
TheJewpocolypse,Bohemia Interactive,2015,1
TheMaxofaus,Jagex,2015,1
TheMoDiiFii3r,Edge of Reality,2014,1
TheMoDiiFii3r,Ubisoft,2016,1
ThePON3Wolf,Warchest Ltd.,2015,1
ThePanda123,Elijah Newman-Gomez,2014,1
ThePurpleGibusMan,2K,2016,1
TheStrahan123,Activision,2016,1
TheWatchcat,Bohemia Interactive,2014,1
TheZomyo,Valve,2014,1
The_Mad_Mutant,"Warner Bros. Interactive Entertainment, Feral Interactive (Mac)",2014,1
The_Pragmatist,Bohemia Interactive,2015,1
Theguru431,Studio Wildcard,2016,1
Theguru431,Ubisoft,2016,1
Themfgamer,Three Rings,2014,1
ThereSheBlows,Bohemia Interactive,2015,1
ThereSheBlows,Valve,2016,1
TheyCallMeDaRrk,Valve,2015,1
ThyGlyphDevice,Rockstar Games,2015,1
ThyGlyphDevice,United Independent Entertainment GmbH,2015,1
TitaniumWasntHere,Signal Studios,2015,1
Tomatoman007,Paradox Interactive,2016,1
TooManyDankMemes,Kyle Seeley,2015,1
TrainerJoey,Telltale Games,2016,1
Tropic_Thunder_,"Nicalis, Inc.",2015,1
TustardCart,Studio Wildcard,2016,1
TwoPixel,Ubisoft,2016,1
TzakShrike,Asmodee Digital,2014,1
TzakShrike,Fruitbat Factory,2015,1
UNITARDED101,Paradox Interactive,2015,1
Ugh-ZanV,Valve,2014,1
UltimateAlloy,"Trek Industries, Inc",2016,1
UnbearableCat,"Expansive Worlds, Avalanche Studios",2014,1
UnbearableCat,Mechanist Games,2014,1
UniIsBestWaifu,Smashball Labs LLC,2015,1
Unice,Hello Games,2016,1
Urban_Terrorist_,Dark Day Interactive,2015,1
Urban_Terrorist_,Daybreak Game Company,2014,1
VenomVenti,Facepunch Studios,2015,1
Vereake,Studio Wildcard,2015,1
Vexenite,Bohemia Interactive,2013,1
Vincebro,Smartly Dressed Games,2014,1
Vri404,"Sector3 Studios, RaceRoom Entertainment AG",2014,1
WCM03,Facepunch Studios,2015,1
WEREMEMBERTHEFREEMAN,Edge Case Games Ltd.,2016,1
WaFelekPL,Valve,2015,1
WaifuActivist,Bohemia Interactive,2015,1
WarEagle247,Bohemia Interactive,2014,1
WasSphinx,Bohemia Interactive,2016,1
Way2Saltyyy,Ronimo Games,2014,1
Why_Not_Zoidberg,Activision,2015,1
Wihan,Warner Bros. Interactive Entertainment,2014,1
William321,Warchest Ltd.,2015,1
Wolffeeder,Code}{atch,2015,1
Wooderino,"Nether Productions, LLC",2014,1
Wortzong,Bitbox Ltd.,2015,1
Wortzong,Trion Worlds,2015,1
Wrathofwar,Activision,2015,1
Xalibe,"Nether Productions, LLC",2016,1
XarxesTheSecond,Electronic Arts,2016,1
Xecoix,Freejam,2016,1
Xecoix,Warchest Ltd.,2015,1
Xero_Kasai,Trion Worlds,2016,1
Yosche,9heads Game Studios,2014,1
Yugikun,Kyle Seeley,2015,1
Z427,Noble Empire Corp.,2015,1
ZECOWPOCALYPSEHAZSTARTEDZ,Freejam,2016,1
Zark009,InvertMouse,2015,1
Zeboz,Torn Banner Studios,2014,1
Zejus,Reperio Studios,2016,1
Zejus,Smartly Dressed Games,2015,1
ZezzMan,Bohemia Interactive,2016,1
ZoranAUS,Jagex,2013,1
_Esdeath_,Vostok Games,2015,1
_Minja,Valve,2014,1
___Plasma___,Ubisoft,2014,1
_kyra,"FIX Games, Co. LTD",2013,1
a4nic8er,AGM PLAYISM,2013,1
a4nic8er,Portalarium,2016,1
a_unicorn950,Valve,2015,1
aaaarrrghhhh,Fullbright,2015,1
aclassstrider1434,Capcom,2014,1
adamsucksdick,Valve,2016,1
adowhal,Activision,2015,1
aeonz,Strategy First,2016,1
aeternum_solus,Dovetail Games - Trains,2014,1
agret,Sven Co-op Team,2016,1
aidenisbae,Rebellion,2014,1
alexisbest25,"Expansive Worlds, Avalanche Studios",2016,1
alluha-pepe,Activision,2015,1
altitude54,Valve,2014,1
amative,Facepunch Studios,2015,1
amillionlemons,Secret Exit Ltd.,2014,1
amoocow,Valve,2014,1
amr_,Valve,2014,1
analfelatiothecircumsoldier,Square Enix,2016,1
anenragedpeanut,CyberCoconut,2015,1
angia93,Valve,2013,1
anonymoosebrony,Topware Interactive,2015,1
anotherfuckingdeejay,"Expansive Worlds, Avalanche Studios",2014,1
antidamage,Hello Games,2016,1
antidamage,Prism Game Studios Ltd.,2015,1
antidamage,Rockstar Games,2015,1
antidamage,Spiral Game Studios,2016,1
applec0re,Shiver Games,2014,1
archangel147,QMx Interactive,2016,1
archy18,Mastiff,2015,1
artista69,2K Games,2016,1
asdasdfgdsAD,Team17 Digital Ltd,2016,1
assassins_nightmare,Bohemia Interactive,2016,1
aussiebloke_,THQ Nordic,2016,1
avdl,Hardsuit Labs,2015,1
avdl,My.com,2014,1
avdl,Vostok Games,2015,1
awakenedspirit,Digital Tribe,2014,1
axe_cop,Ragequit Corporation,2014,1
axzalar,Facepunch Studios,2014,1
ballig,Osumia Games,2015,1
banksyyo,Keen Software House,2016,1
bauluci,Valve,2015,1
bay4p,Facepunch Studios,2015,1
bbcfbmnnhndgfghkdjjfd,Hoobalugalar_X,2015,1
beautifulgu00d,Muse Games,2013,1
benjaminalan,Valve,2014,1
bentommy,Bohemia Interactive,2014,1
bhajina,Devolver Digital,2015,1
bhajina,IndieGala,2015,1
biggestninja,Microsoft Studios,2016,1
bindisposerer,Smartly Dressed Games,2014,1
birdsrule,"FIX Games, Co. LTD",2014,1
black-foxx,Activision,2015,1
blakey700,Valve,2016,1
blastc123,Activision,2014,1
blebleh,Valve,2015,1
blizzard_reflex,Valve,2016,1
blowjobsfurdayzandgayz,Fish Factory Games,2015,1
blowjobsfurdayzandgayz,Trion Worlds,2016,1
bottlescKy,Hello Games,2016,1
boxcartmediccenter,Edge of Reality,2014,1
brendenaus2759,Bethesda Softworks,2016,1
brenny8,Valve,2015,1
brunolopez67,Sven Co-op Team,2016,1
brunolopez67,Ubisoft,2015,1
bsdp123,Bohemia Interactive,2016,1
bunnty,JForce Games,2014,1
byrxn,Smartly Dressed Games,2015,1
calldogedoggie,Activision,2014,1
calldogedoggie,My.com,2014,1
carlisafatcunt,Private Division,2016,1
carlo123100,Trion Worlds,2016,1
carterbegrie,Valve,2015,1
ceffly,Smartly Dressed Games,2016,1
channel28,Strategy First,2015,1
checkm80,Facepunch Studios,2016,1
cheesywaffleburger,"Trek Industries, Inc",2015,1
chewyi,Bethesda Softworks,2015,1
chickenzrulz,Crows Crows Crows,2016,1
chidori_647,"Reverb Triple XP, Circle 5",2013,1
chidori_647,Warner Bros. Interactive Entertainment,2013,1
chipotleez,Coffee Stain Publishing,2014,1
chocolate_fudge,KranX Productions,2014,1
christian22,Edge of Reality,2014,1
christian22,"Trion Worlds, Inc.",2014,1
chuckmorris25,"Warner Bros. Interactive Entertainment, Feral Interactive (Mac/Linux)",2015,1
ciborg2000,U.S. Army,2015,1
cliff24245,"2K Games, Aspyr (Mac &amp;amp; Linux)",2014,1
coadstar101,Eforb,2016,1
combatwombat893,Rockstar Games,2014,1
combatwombat893,Ubisoft,2016,1
comcozzolino01,"LucasArts, Lucasfilm, Disney Interactive",2015,1
comcozzolino01,Square Enix,2015,1
comcozzolino01,Warner Bros. Interactive Entertainment,2015,1
commandochou,Microsoft Studios,2016,1
coolvibesandchill,"Masthead Studios Ltd, Thegamewallstudios, Gamigo AG",2014,1
coonfag,Ubisoft,2013,1
corthesi220,Lever Games,2014,1
corthesi220,Reloaded Games,2015,1
corthesi220,Smartly Dressed Games,2014,1
costita,WARTEAM,2016,1
craggyteeth,Valve,2014,1
cranialperv,Frogwares,2014,1
crixis48,Microblast Games,2015,1
crixis48,Valve,2016,1
cry0sin,Smartly Dressed Games,2016,1
cryingwolfie,"Square Enix, Feral Interactive (Linux), Feral Interactive (Mac)",2016,1
csw,Capcom,2014,1
cumtasteslikejelley,Jagex,2016,1
cybas101,Valve,2016,1
d003,Rockstar Games,2016,1
daemonslove,Puny Human,2015,1
daemonslove,Shumkov Dmitriy,2015,1
daemonslove,Valve,2015,1
daltonlikespenis,Puny Human,2015,1
damo4lyf,Activision,2014,1
danielito38,Adventure Productions,2015,1
dantheorginal,Warner Bros. Interactive Entertainment,2016,1
dark_skeleton,Electronic Arts,2014,1
dav365,Gaijin Entertainment,2016,1
davidmwilliams,storm_sharks,2015,1
davidsavy,Andrii Vintsevych,2013,1
de_yeti,New World Interactive,2016,1
deadlyUK,Bohemia Interactive,2014,1
deathlord549,Bohemia Interactive,2015,1
deathlord549,KISS ltd,2016,1
deathnz1,Kuno Interactive,2016,1
demdem321,Bohemia Interactive,2014,1
dependancy,United Independent Entertainment GmbH,2016,1
derpmelon,Infernum Games GmbH,2015,1
destruktikus,Deep Silver,2016,1
deviousbastard,KISS ltd,2015,1
diabeticfuck,Warchest Ltd.,2015,1
diabz,Bethesda Softworks,2014,1
dicksoutforboromir,Facepunch Studios,2016,1
dietrich1998,Activision,2015,1
digfernandes,Ubisoft,2014,1
dirklah,The Behemoth,2014,1
divorahk,Bare Mettle Entertainment,2016,1
divorahk,Hello Games,2016,1
dmgmnt,Valve,2016,1
doctorpotatoes,PIXOWL INC.,2015,1
dollynhow,"FIX Games, Co. LTD",2014,1
donkaguy,"FIX Games, Co. LTD",2014,1
dootz,SEGA,2014,1
dr_crazy_mii,Team17 Digital Ltd,2016,1
dragonchief,Facepunch Studios,2014,1
dreadedfungus,tobyfox,2015,1
dreamtimesf,Hardsuit Labs,2014,1
drkrise,Digital Tribe,2015,1
drunkchef,Torn Banner Studios,2015,1
dsadassadasdasdasdsadasdasdas,SEGA,2014,1
dumbassscout2005,"JumpStart Games, Inc.",2014,1
dumbassscout2005,Telltale Games,2015,1
duzim,Infernum Games GmbH,2015,1
dzakuan,Electronic Arts,2014,1
dzakuan,Panzer Gaming Studios,2014,1
echo125,Digerati Distribution,2016,1
eddiedankmemes,Valve,2016,1
eiW0Y9he,"Electronic Arts, Aspyr (Mac)",2013,1
elephantdick,Game Mechanics,2015,1
eliteboy,Bohemia Interactive,2016,1
elkpodeush,Bethesda Softworks,2016,1
elkpodeush,Valve,2016,1
elliottgame,Introversion Software,2014,1
elliottgame,Jagex,2015,1
elliottgame,Shumkov Dmitriy,2015,1
elly420,Jagex,2015,1
elly420,Valve,2015,1
epic_taco,Cadence Games,2016,1
esema1234,"FIX Games, Co. LTD",2015,1
esema1234,Valve,2015,1
ethanol10,Andrii Vintsevych,2013,1
eunmac,2K,2016,1
euromikeym,Trendy Entertainment,2014,1
everreddie,My.com,2015,1
evilrussell117,Bohemia Interactive,2016,1
evilrussell117,Daybreak Game Company,2016,1
evilspirit112233,Aeria Games,2015,1
exLightning,Electronic Arts,2013,1
exaqt,Hello Games,2016,1
exellexe,Valve,2015,1
f0rce_aus,Smartly Dressed Games,2016,1
f3v3red,2K,2015,1
falfouchinskaia,SEGA,2015,1
fall3n_archon,Egosoft,2014,1
fall3n_archon,Studio Wildcard,2015,1
falynax,Bohemia Interactive,2015,1
fartofsmellyness,Activision,2015,1
fashathefish,"Expansive Worlds, Avalanche Studios",2014,1
fedexplus,The Quinnspiracy,2014,1
fekoffucomunist,Valve,2013,1
fiscure1,Bossa Studios,2014,1
fivetwothreesevenfive,Activision,2016,1
flame1312,Bethesda Softworks,2016,1
fluxxenik,Gentlemen in Tuxedos,2015,1
foolsfoolsfools,Fortress Forever,2016,1
force445,"SEGA, Feral Interactive (Mac), Feral Interactive (Linux)",2016,1
fpstheroamer,Deca Games,2016,1
franklinhi,Necrophone Games,2014,1
freezer19,Valve,2016,1
fuckingcocksuka,"FIX Games, Co. LTD",2014,1
fuckingcocksuka,Messhof,2015,1
fuckingcocksuka,Valve,2014,1
fuckthefrench,Devolver Digital,2014,1
fummywumkins,Chucklefish,2014,1
fummywumkins,Coffee Stain Publishing,2014,1
gabbler123,Transhuman Design,2015,1
geekmannerd,"Square Enix, Feral Interactive (Mac)",2014,1
getMemMeED,Freejam,2014,1
getf0kinn0sc0pedm9,Valve,2016,1
ggoldy,Blue Mammoth Games,2016,1
gigi_buffon,Valve,2015,1
gigipig,Valve,2016,1
giveyouagoodlink,Paradox Interactive,2015,1
gobblerm8,Rockstar Games,2015,1
godberry,Telltale Games,2015,1
gohardinthebrown,Bohemia Interactive,2014,1
gonzomeister,Activision,2015,1
gonzomeister,Studio Wildcard,2015,1
gost555,Valve,2013,1
gxsm,"Trek Industries, Inc",2014,1
hammyhamm,Reto-Moto,2014,1
haonman,Ubisoft,2016,1
harumbe911,Valve,2015,1
harvse,Square Enix,2016,1
heavybinary,"SEGA, Feral Interactive (Mac), Feral Interactive (Linux)",2016,1
hekticxmoon,Facepunch Studios,2016,1
heyitsmath,Wizards of the Coast LLC,2015,1
hfoxy,Bethesda Softworks,2016,1
hhaz,BANDAI NAMCO Entertainment,2015,1
hhhhjhhjjhjh,Afterthought LLC,2016,1
hipsterbunny,Edge of Reality,2014,1
hl3confirmed-manaos-illuminati,WARTEAM,2015,1
hmphhh,Daybreak Game Company,2014,1
hmphhh,Underdog Games,2015,1
holastickboy,"Trek Industries, Inc",2016,1
hugomb,"Psyonix, Inc.",2016,1
hunterkiller247,Egosoft,2016,1
hunterkiller247,"KISS ltd, Maximum Games",2015,1
hunterkiller247,WARTEAM,2015,1
iTzJaCe,Playsaurus,2015,1
iaintachikenbutiamashitplayer,Shumkov Dmitriy,2015,1
iamthekingofbrowntown,Code}{atch,2015,1
ias19112000,Square Enix,2014,1
ias19112000,Valve,2013,1
iclickcircles,NotGames,2015,1
idwithautism,Coffee Stain Publishing,2015,1
ignaciomena22,Daybreak Game Company,2014,2
illogik01,2K,2016,1
illogik01,Capcom,2016,1
imitzachitherealone,Trendy Entertainment,2015,1
imjeans,Bohemia Interactive,2015,1
immunity,Rain Games,2014,1
impurepaladin,Facepunch Studios,2015,1
imsodonionringsrightnow,EpicQuest Games,2016,1
inconsequential,Blockland LLC,2014,1
ineedacsgolobu,Activision,2015,1
inorisanbaka,Valve,2014,1
irmikeee,Ubisoft,2014,1
ironhorse612,WARTEAM,2015,1
itsaprofileaboutnothing,Smudged Cat Games Ltd,2014,1
itsdandytime,"Activision, Aspyr (Mac)",2014,1
itsdandytime,Curve Digital,2014,1
itsdandytime,Valve,2016,1
itsfilfyd,Smartly Dressed Games,2014,1
itzprio,Freejam,2016,1
iwishihadaids,WARTEAM,2016,1
j_l0gga,2K,2016,1
jacobissick,"Trek Industries, Inc",2014,1
jadziatuvok,KISS ltd,2015,1
jaeek,Scott Cawthon,2015,1
jason2305,Digital Tribe,2016,1
jawdoe,Funcom,2016,1
jaydanred,Valve,2016,1
jdrocks,Valve,2015,1
jelousy,Bethesda Softworks,2014,1
jietzaii,Ubisoft,2016,1
jjas01,Square Enix,2016,1
jjas01,Ubisoft,2016,1
joaopedroalbertin,Focus Home Interactive,2016,1
john117777688888,"Activision, Aspyr (Mac)",2014,1
joshodonnell,"WB Games, Feral Interactive (Mac)",2014,1
jtrkyr,"2K, Aspyr (Mac and Linux)",2015,1
jugganautx,2K Games,2015,1
junaid_m_sam,Microblast Games,2014,1
k41r05,Dark Energy Digital Ltd.,2014,1
kaiharder,Rockstar Games,2015,1
kaizan12,Sherman3D,2014,1
karistonswrath,Rooster Teeth Games,2016,1
kayne110,Big Fat Alien,2016,1
kayrom,"Gearbox Publishing, Aspyr (Mac)",2016,1
kayrom,Studio Wildcard,2016,1
kaz4m,Freejam,2016,1
kazumanyaa,"Sector3 Studios, RaceRoom Entertainment AG",2014,1
keamy911,Hello Games,2016,1
kendrayosa,Ubisoft,2016,1
kenkaniff,Activision,2013,1
killinginter,My.com,2016,1
kimmybeeea,Reloaded Games,2014,1
kira1000,"Jackbox Games, Inc.",2014,1
kodell,BlueGiant Interactive,2013,1
krisx,GameUS Inc,2016,1
kurwa814,Bethesda Softworks,2013,1
kurwa814,Valve,2016,1
ky239,Bohemia Interactive,2014,1
kylesimmonds,Tripwire Interactive,2015,1
lacscape,"Blackmill Games, M2H",2016,1
ladysaphera,Tripwire Interactive,2015,1
laislabonita75,"ShaunJS, Digerati Distribution",2015,1
larrythebrony,Devolver Digital,2015,1
larrythebrony,Rubycone,2015,1
lasati,Failbetter Games,2014,1
lasati,Red Hook Studios,2015,1
leherplederp,Bohemia Interactive,2014,1
leherplederp,Poppermost Productions,2015,1
lemanoman,Jagex,2013,1
lenaoxtonow,Microblast Games,2015,1
lepon,"Nether Productions, LLC",2014,1
leroyp,EightyEightGames,2016,1
lescrepe,Double Fine Productions,2014,1
lewisbigd,Rebellion,2015,1
lifeisagamble,Bohemia Interactive,2014,1
lilbkbx,Bethesda Softworks,2016,1
lilbkbx,Bohemia Interactive,2015,1
lilim,"KOEI TECMO GAMES CO., LTD.",2015,1
liniers,Noble Empire Corp.,2014,1
linksupersayan,SEGA,2015,1
loadsamoney,Bethesda Softworks,2013,1
loadsamoney,Electronic Arts,2015,1
loadsamoney,Square Enix,2015,1
loadsamoney,THQ Nordic,2016,1
loadsamoney,Valve,2014,1
lolnu,Smartly Dressed Games,2015,1
longinus,2K Games,2014,1
look_at_the_damn_profile,Shiro Games,2014,1
lordthanatosbr,Valve,2014,1
ltayl1,Freegamer,2014,1
luakbar,Daybreak Game Company,2016,1
luakbar,Streum On Studio,2016,1
luca521,SEGA,2013,1
lucky-seven,My.com,2014,1
lurchibald,BlankMediaGames,2015,1
lurchibald,Wild Games Studio,2014,1
lutzayy,WB Games,2016,1
ly_cheen,"KISS ltd, Funbox Media Ltd",2015,1
madlatt,New World Interactive,2015,1
magically,Jagex,2014,1
magikarpox,"Trek Industries, Inc",2014,1
mancract,WB Games,2014,1
marhan,Warner Bros. Interactive Entertainment,2015,1
markimoo2,Meridian4,2014,1
mavros88,Ubisoft,2016,1
maxmaker12,"JumpStart Games, Inc.",2015,1
maxpaynepillkiller,Ubisoft,2016,1
mazokn,Ubisoft,2015,1
mazokn,Valve,2016,1
mcnooney,Facepunch Studios,2016,1
mda7,Activision,2015,1
mda7,Activision,2016,1
mda7,Telltale Games,2015,1
meanragingandy,"FIX Games, Co. LTD",2015,1
meeeedie,InvertMouse,2015,1
meeeedie,MangaGamer,2015,1
megamilkfurry,The Behemoth,2015,1
megamilkfurry,Valve,2016,1
memeroos,Valve,2016,1
memes2k18,2K Games,2014,1
meowvel,Bethesda Softworks,2016,1
meowvel,Bohemia Interactive,2015,1
mercoledi,SOEDESCO Publishing,2015,1
mercuryr,Snails Animation,2015,1
mewmeowmeowmew,Ubisoft,2016,1
mexz1999,Valve,2016,1
mgooisu,Edmund McMillen,2013,1
midniteviii,Strategy First,2014,1
millplaygame,Kalypso Media Digital,2014,1
minecraftdude1111,SEGA,2014,1
minicraftiChico,Valve,2016,1
modsmaps,Virtual Basement LLC,2016,1
modtech,NTTGame,2016,1
moomooandu,Bohemia Interactive,2015,1
moomooandu,Facepunch Studios,2015,1
mooserodah,Bohemia Interactive,2016,1
moutopher,Michaela Laws,2016,1
mouwen,New World Interactive,2016,1
moxxi2050,Facepunch Studios,2014,1
mr_cat,Daybreak Game Company,2016,1
mr_cat,JForce Games,2016,1
mrawesome99128,Bethesda Softworks,2016,1
mrawesome99128,"LucasArts, Aspyr (Mac), Lucasfilm, Disney Interactive",2015,1
mrfoxy17,Degica,2014,1
mrhuffenpuff,Activision,2015,1
mrninja36,Hello Games,2016,1
mshee,Tripwire Interactive,2015,1
mudgarbs,Valve,2014,1
multishotgaming,Deca Games,2015,1
mummbles1991,Torn Banner Studios,2015,1
myassisgreen,Klei Entertainment,2015,1
myles101,Warner Bros. Interactive Entertainment,2015,1
mylordbendtner,2K,2015,1
mynameslimshady,Deep Silver,2016,1
myteddybernie,Back To Basics Gaming,2015,1
n0thingirl_smurf,Valve,2015,1
n4afusionz,Warner Bros. Interactive Entertainment,2016,1
nammienoodles,Square Enix,2014,1
nealsavage,Atari,2014,1
nealsavage,Topware Interactive,2014,1
netto5,"Masangsoft, Inc.",2014,1
newhollandarmy,Elijah Newman-Gomez,2015,1
newhollandarmy,THQ Nordic,2016,1
nicholasd7,Hello Games,2016,1
niffirg11,Bethesda Softworks,2016,1
ninjatomato,Reloaded Games,2014,1
nisid,Bohemia Interactive,2015,1
nitr0ticwolf,"Expansive Worlds, Avalanche Studios",2015,2
noone37363627,Valve,2016,1
not_a_weeaboo,Panic Art Studios,2015,1
nyclix,Bethesda Softworks,2016,1
o2thage,Activision,2013,1
od3d,Facepunch Studios,2015,1
ohmygodtheykilledkennyyoubastard,Valve,2014,1
ohnospaghet,Facepunch Studios,2016,1
ohplsguuby,Coffee Stain Publishing,2015,1
ohyeahpunk,Genee Network,2014,1
oio20199,Digerati Distribution,2013,1
oldsauce,Trion Worlds,2016,1
olismeister,Activision,2016,1
omfgabrams,Reto-Moto,2016,1
orangejuiceanddoobies,Smartly Dressed Games,2014,1
originaldog,Terry Cavanagh,2013,1
osuka828,Re-Logic,2015,1
palelord,"Square Enix, Feral Interactive (Mac)",2014,1
pannekoeken2,"2K, Aspyr (Mac and Linux)",2016,1
patrick_aus,Hello Games,2016,1
peetfd,Ubisoft,2015,1
penetrationmonster,Jagex,2014,1
penguin5774,Freejam,2016,1
peoplesidiot,Freejam,2015,1
perox1de,"LucasArts, Aspyr (Mac), Lucasfilm, Disney Interactive",2016,1
phazorr,Studio Wildcard,2015,1
phetdekde,Valve,2014,1
pingaas,"2K Games, Feral Interactive (Mac), Feral Interactive (Linux)",2015,1
pingu4life,Re-Logic,2014,1
pingy_,Warner Bros. Interactive Entertainment,2015,1
pippymayne,Paradox Interactive,2015,1
pizzadude04,tinyBuild,2016,1
pizzajesus,CyberCoconut,2015,1
pizzaman12,My.com,2016,1
plasmaluna,Nexon Europe GmbH,2015,1
plumbers,id Software,2014,1
plumpyberries,Hello Games,2016,1
plutopass,SmashGames,2016,1
pooxbox,Trion Worlds,2015,1
popojoe,Ubisoft,2014,1
porkchopsfear,Warner Bros. Interactive Entertainment,2016,1
portjackson,"Trek Industries, Inc",2014,1
potatomemed123321,Trion Worlds,2015,1
ppusssy,Lever Games,2013,1
pretentiouswutangratz,"2K Games, Aspyr (Mac)",2014,1
princemart,Daybreak Game Company,2013,1
probotsteve,Valve,2015,1
psn_jmcgamer12,Facepunch Studios,2016,1
purplecubefruit,Daedalic Entertainment,2016,1
purplecubefruit,Ubisoft,2015,1
purpledragonfun,Capcom Co. Ltd,2015,2
putisspencerhere,Facepunch Studios,2014,1
quickkandy98,Reto-Moto,2015,1
quillomanar,Edge Case Games Ltd.,2015,1
qwazyoxyphi,"Io-Interactive A/S, Feral Interactive (Mac)",2016,1
r3znoff,"Expansive Worlds, Avalanche Studios",2014,1
rRUBIXx,Edge of Reality,2016,1
rRUBIXx,Valve,2016,1
raccoonsunite,The Behemoth,2015,1
raccoonsunite,Torn Banner Studios,2015,1
radcool3,Tribe Studios,2015,1
randomaddressfornow,"Trek Industries, Inc",2014,1
randyy242,"Nether Productions, LLC",2013,1
randyy242,Rebellion,2014,1
ratbot01,Deca Games,2015,1
ratgnomekingkeem,505 Games,2014,1
ravichop89,Valve,2016,1
reddayesocks,"Square Enix, Feral interactive (Mac), Feral Interactive (Linux)",2015,1
reflexaus,Archive Entertainment,2014,1
reflexaus,Reto-Moto,2014,1
reflexaus,Vae Victis Games,2016,1
registeredso,Ubisoft,2016,1
registeredso,Zero Rock Entertainment,2015,1
reijimate,Valve,2015,1
renegade_sock,Ubisoft,2015,1
repdota,Activision,2013,1
reszluigii,Bohemia Interactive,2014,1
rfgrgdrgrg,Techland Publishing,2015,1
rhys3852,Smartly Dressed Games,2015,1
ricardojr190,"Expansive Worlds, Avalanche Studios",2014,1
richbags12,KintoGames,2015,1
rickharrisonpawnshop,Smartly Dressed Games,2016,1
rickharrisonpawnshop,Spiral Game Studios,2016,1
ripjack311,Activision,2013,1
robinisamazing,Bohemia Interactive,2014,1
rockjond,Born Ready Games,2016,1
romenlaw,Daybreak Game Company,2014,1
ronzack,Activision,2014,1
rooseph,Hello Games,2016,1
rrbr,1C-777,2015,1
rylo20340,D3 Go!,2013,1
ryukahtk,Dan  Walters,2015,1
sabretoothwalrus,"Square Enix, Feral Interactive (Mac), Feral Interactive (Linux)",2015,1
samham1,"Sector3 Studios, RaceRoom Entertainment AG",2013,1
samsul,Valve,2014,1
sananaderi,Game Mechanics,2015,1
sarge_017,Bohemia Interactive,2015,1
sasssay,Valve,2016,1
saturnyplace,Kyle Seeley,2016,1
sbeeziz,Electronic Arts,2013,1
sddfg024bzarfgdg,Torn Banner Studios,2015,1
seek83,Studio Wildcard,2016,1
senpai_the_slutty,Rockstar Games,2015,2
senpiflesh,"2K Games, Aspyr (Mac, Linux)",2014,1
seveneightnine,2K,2016,1
seveneightnine,Freejam,2014,1
sgtkitty,Entrada Interactive LLC,2015,1
shadowxlucario,Trion Worlds,2016,1
shiinaakashi,"Idea Factory International, Inc., IDEA FACTORY Co., Ltd.",2015,1
shuttah627,SEGA,2015,1
simonrem,"Lucasfilm, LucasArts, Disney Interactive",2014,1
sirpeterson,Nexon Europe GmbH,2014,1
sithjjf,Shumkov Dmitriy,2015,1
skaeren2190,Vostok Games,2016,1
skotavus,Mossmouth,2013,1
skylord30,Nexon America Inc.,2014,1
slartiblarghfast,Strategy First,2016,1
slaydread,En Masse Entertainment,2015,1
slynn1,"Trek Industries, Inc",2014,1
smokeaconeorfuckoff,Torn Banner Studios,2016,1
snakedog,Archive Entertainment,2015,1
snakedog,Deca Games,2015,1
snakedog,Freakinware Limited,2016,1
sneigg,Reto-Moto,2015,1
sniparsxx,Nexon Europe GmbH,2015,1
snipergod31,"2K, Aspyr (Mac,Linux)",2015,1
snoopfogg,Valve,2014,1
snubbo,Jagex,2014,1
snubbo,Lemondo Entertainment,2015,1
snubbo,SMP,2014,1
solodsnek,SEGA,2014,1
somanyinstructions,Deep Silver,2014,1
soupstore,LoadComplete,2015,1
space_jumper,Bohemia Interactive,2015,1
spankwankable,ANPA.US,2015,1
spittyboy,Reloaded Games,2014,1
splitmyurethra,"Psyonix, Inc.",2016,1
spoodermen,"Trion Worlds, Inc.",2014,1
sporelife,Freejam,2014,1
spudgee,Bethesda Softworks,2016,1
stabz0r,Lever Games,2013,1
starfleetbrat,Forever Entertainment S. A.,2016,1
steamaccountforsale1,Valve,2015,1
stopreadingthisthing,Freejam,2014,1
stormzyinit,Noble Empire Corp.,2014,1
strumfreak,Activision,2015,1
stverbal,Cococucumber,2016,1
subsonicsnigger,Nexon Europe GmbH,2014,1
sumgrizzly,Daybreak Game Company,2016,1
sunnnnnnnnnnnny,Valve,2015,1
sunnydazeex,2D BOY,2015,1
sunnydazeex,Trapdoor,2015,1
superaero,Bohemia Interactive,2015,1
supermenace,Microsoft Studios,2013,1
supfoo3,Bohemia Interactive,2014,1
supremexyeezy,Digital Extremes,2015,1
sven8910,Ubisoft,2015,1
swag-iwnl-,"Masangsoft, Inc.",2014,1
swagdog69,Square Enix,2015,1
syluxe,"FIX Games, Co. LTD",2013,1
tadlicated,Telltale Games,2014,1
taiyoyoyo,"IMCGAMES Co.,Ltd.",2016,1
tamlieu,"KOEI TECMO GAMES CO., LTD.",2014,1
tamlieu,"KOEI TECMO GAMES CO., LTD.",2015,1
tcruisemissile,Krillbite Studio,2014,1
tdog486,Rockstar Games,2016,1
technique1989,Rockstar Games,2015,1
tehbluscoot,Valve,2015,1
tehrelshrek,Activision,2013,1
temere,Cherry Pop Games,2014,1
thabogg,Redbana Corporation,2015,1
thadz,Activision,2013,1
thatdamnplayer,"FIX Games, Co. LTD",2013,1
thebigchiklis,Tribute Games Inc.,2014,1
theblublur,2K,2016,1
thedreamtime,Microsoft Studios,2013,1
thefreak9,Bethesda Softworks,2015,1
thefreak9,Double Fine Presents,2015,1
theguywithnobrain,Hardsuit Labs,2016,1
theguywithnobrain,"OP Productions LLC, Free Reign East LLC",2016,1
theguywithnobrain,Reloaded Games,2016,1
theguywithnobrain,Valve,2016,1
thejl2,Hello Games,2016,1
themajesticlemon,Gaijin Games,2013,1
theonemlst,Codemasters,2015,1
thepolis,Andrii Vintsevych,2016,1
therandomfox,Iceberg Interactive,2014,1
therealtomschuster,Vostok Games,2015,1
theservant,Studio Wildcard,2015,1
thestreetsshallrunwhite,Avidly Wild Games,2016,1
thestreetsshallrunwhite,Paradox Interactive,2015,1
thetourist,Double Fine Productions,2013,1
this_is_my_link,Microblast Games,2014,1
tinyacb706,Valve,2016,1
to-your-left,Freejam,2016,1
tobsta08,Activision,2015,1
toeler,Paradox Interactive,2016,1
toeler,tobyfox,2015,1
tog02,Ubisoft,2014,1
togekiss906,Smartly Dressed Games,2015,1
tokirix,Reto-Moto,2016,1
topkeklord7,"FIX Games, Co. LTD",2014,1
torahiru,Scott Cawthon,2014,1
triangleman,Digital Confectioners,2015,1
triangless,"Data Realms, LLC",2016,1
triraquer,Rockstar Games,2015,1
trolololololololololohehelolol,Activision,2015,1
trolololololololololohehelolol,Valve,2013,1
tzarius,Chucklefish,2016,1
u2late,"BadFly Interactive, a.s.",2015,1
uhhallo,Wild Games Studio,2016,1
ultimatefaggotwow,Jagex,2016,1
ungstein,SEGA,2014,1
ungstein,Valve,2013,1
unkowncode94,Square Enix,2015,1
vagatarian2,Valve,2015,1
valvoman,Valve,2013,1
venbeer,Warchest Ltd.,2015,1
venbeer,Warner Bros. Interactive Entertainment,2016,1
vernichten,"Pixel Dash Studios, EQgames",2015,1
vertwheeler9,Warner Bros. Interactive Entertainment,2016,1
villainsinglasses,Milestone S.r.l.,2015,1
vingthor4516,SEGA,2014,1
vinzolvar,ATLUS USA,2014,1
vinzolvar,CI Games,2014,1
vitoprofile,Facepunch Studios,2015,1
vitorgamer115,Deca Games,2016,1
vivatheplayer,Jagex,2013,1
vivatheplayer,Valve,2013,1
voncrumb,Studio Wildcard,2016,1
waggish,Ubisoft,2014,1
warpeddemon,Hello Games,2016,1
wealthybigpenis69,Ganz,2014,1
whiteruby3,Aeria Games,2014,1
whysotoxicbrew,Hardsuit Labs,2015,1
wickedcoolmeme,Disney Interactive,2015,1
willsons,Tripwire Interactive,2015,1
wjmj,Vostok Games,2015,1
wolvau,Robotronic Games,2015,1
wolvau,"WB Games, Feral Interactive (Mac)",2015,1
woogerthegod,Klei Entertainment,2016,1
wyvaud,Hello Games,2016,1
xIIxGhost,Hello Games,2016,1
xMsPanda,Gravity Interactive,2013,1
xhog,Hello Games,2016,1
yay853482185,Freejam,2016,1
yay853482185,Infernum Games GmbH,2015,1
yingxionglian,Square Enix,2014,1
yodadda,Archive Entertainment,2014,1
yodadda,Team Psykskallar,2014,1
yokta,Ubisoft,2013,1
yosshi3,Hesketh Studios,2015,1
youareTERRIBLE,Electronic Arts,2014,1
yozaseigfuckcriprep,Nexon Europe GmbH,2014,1
yulsuf,Valve,2014,1
yungcoconut,Bethesda Softworks,2015,1
yunstar12,Telltale Games,2015,1
zacharydonnelly,Reto-Moto,2014,1
zacharydonnelly,Ronimo Games,2014,1
zanven42,Hello Games,2016,1
zixwot,Bohemia Interactive,2015,1
zuzuga2003,"Expansive Worlds, Avalanche Studios",2014,1
zv_odd,Angry Mob Games,2015,1
zv_odd,Nexon America,2016,1
